country,year,global_avg_temperature,temperature_anomaly,max_temperature,min_temperature,co2_concentration_ppm,annual_rainfall_mm,sea_level_rise_mm,sea_surface_temperature,heatwave_days,drought_index,flood_events_count,forest_cover_percent,deforestation_rate,fossil_fuel_consumption,renewable_energy_share,air_quality_index,predicted_temperature_2050,climate_risk_index
Australia,1980,14.71,0.8766666666666666,31.616666666666664,4.260000000000001,416.99,898.7366666666667,3.4466666666666668,15.036666666666669,28.0,2.3666666666666667,5.333333333333333,45.32666666666666,1.8833333333333333,50.05,34.24333333333333,54.333333333333336,2.3266666666666667,67.16666666666667
Australia,1981,14.306,0.8539999999999999,37.112,3.24,431.518,791.4159999999999,3.798000000000001,16.368000000000002,37.8,1.7399999999999998,8.4,38.04,2.642,64.57000000000001,41.484,108.6,2.134,50.888
Australia,1982,14.2375,0.97,33.5675,5.895,368.96,1146.3475,2.6,16.752499999999998,38.75,3.81,8.75,44.865,2.475,57.345,40.6625,116.5,2.27,55.02
Australia,1983,12.78,1.03,36.67,7.53,454.34,1417.1,3.7,18.96,47.0,3.38,12.0,25.2,3.09,86.62,5.19,148.0,2.16,71.19
Australia,1984,15.23,0.91,29.4,7.39,387.21,1396.39,4.95,16.59,54.0,0.57,14.0,61.68,2.81,75.92,58.89,64.0,2.33,57.81
Australia,1985,14.155,0.97,35.370000000000005,5.15,403.725,1038.165,3.415,17.23,44.0,0.56,2.5,33.31,1.66,48.045,29.425,175.5,1.895,18.105
Australia,1986,14.105,1.51,33.28,1.0,402.88,1316.87,4.075,18.27,32.0,3.1950000000000003,8.5,42.18,1.475,48.415,34.6,168.0,2.4400000000000004,28.715
Australia,1987,14.336000000000002,1.0379999999999998,34.388,3.558,413.988,1004.824,3.954,16.976,43.6,1.4420000000000002,4.4,33.918,0.968,63.93800000000001,33.344,146.2,2.534,61.234
Australia,1988,14.4,1.0575,37.625,5.21,409.775,864.1575,2.1975,16.2775,19.0,2.045,6.0,43.95,1.4925,67.23,33.412499999999994,98.5,2.1575,60.86
Australia,1989,14.82,1.03,42.25,3.48,402.59,1116.53,5.79,15.63,22.0,1.08,10.0,43.42,2.97,80.95,34.36,156.0,1.94,58.38
Australia,1990,14.28,0.58,36.4,3.38,399.28,995.7,5.31,15.98,53.0,1.41,0.0,31.39,0.34,75.21,27.89,127.0,3.2,40.9
Australia,1991,14.29,1.24,35.53,5.25,444.65,1048.99,5.43,16.22,33.0,4.84,2.0,30.18,0.57,65.47,27.46,93.0,2.35,16.06
Australia,1992,14.375,1.09,32.945,2.475,424.85,1356.025,3.255,15.920000000000002,14.5,1.85,10.5,46.39,1.7000000000000002,32.735,34.185,133.5,2.425,63.245000000000005
Australia,1993,15.2375,1.255,38.2325,6.6175,420.96000000000004,1262.3025,4.0675,15.860000000000001,24.75,2.1799999999999997,7.25,38.43,2.5,37.1375,25.7525,110.75,2.5225,75.3875
Australia,1994,16.1,1.42,43.52,10.76,417.07,1168.58,4.88,15.8,35.0,2.51,4.0,30.47,3.3,41.54,17.32,88.0,2.62,87.53
Australia,1995,15.73,1.29,39.08,9.6175,408.5775,1112.3625,4.1775,16.3575,39.0,2.3025,6.0,36.167500000000004,2.75,42.65,23.755000000000003,119.0,2.2325,64.8475
Australia,1996,15.36,1.16,34.64,8.475000000000001,400.085,1056.145,3.475,16.915,43.0,2.095,8.0,41.865,2.2,43.76,30.19,150.0,1.845,42.165
Australia,1997,14.1,1.4,40.09,7.39,416.23,1281.52,4.34,17.41,14.0,2.17,12.0,51.01,2.13,59.32,45.17,40.0,2.14,75.0
Australia,1998,14.3475,0.88,30.67,7.35,420.4825,1036.77,3.53,16.0875,34.0,2.24,4.75,33.82,1.5724999999999998,58.05499999999999,38.505,105.5,1.9425,29.47
Australia,1999,14.36,1.31,30.75,1.745,394.29,1495.155,3.915,14.97,28.5,3.125,11.5,51.825,2.045,44.620000000000005,49.285,86.5,2.15,37.715
Australia,2000,13.886,1.266,30.73,4.438000000000001,411.052,1135.85,3.642,16.604,25.4,3.37,4.4,38.16,0.8879999999999999,52.398,31.458,141.2,1.86,50.564
Australia,2001,14.5225,1.3425,32.535,2.7625,399.565,1133.4275,3.925,16.1275,16.75,1.94,9.75,47.89,2.0125,53.885,43.6875,104.25,2.355,25.315
Australia,2002,14.52,0.79,35.065,3.65,414.19,859.7416666666668,3.248333333333333,16.716666666666665,32.833333333333336,2.8716666666666666,9.333333333333334,51.43333333333334,1.1700000000000002,63.42166666666666,28.595,84.83333333333333,2.1716666666666664,31.661666666666665
Australia,2003,14.865,1.1275,32.82,9.0875,414.075,1135.8875,2.5975,16.775,33.5,2.875,4.75,33.3075,1.6675,57.72749999999999,32.8425,121.75,2.29,38.805
Australia,2004,14.73,0.9025,35.805,3.6325,414.4275,973.77,3.9125,17.12,16.25,3.18,3.5,45.33,1.685,50.23,30.4775,103.5,2.5225,48.725
Australia,2005,13.705,1.0825,35.57,3.7475,424.05,924.06,3.985,16.5925,32.0,2.1475,8.75,43.25,1.815,30.9475,38.095,161.0,2.5925,43.0775
Australia,2006,13.68,0.6,30.17,4.51,436.72,1729.79,3.92,17.41,58.0,3.33,14.0,61.49,0.41,33.4,58.56,167.0,1.61,57.75
Australia,2007,14.358,1.222,33.456,8.912,422.594,760.766,3.282,16.89,31.6,2.25,7.8,28.106,1.484,57.39,29.086,113.8,2.416,45.914
Australia,2008,14.06,1.31,37.6325,4.234999999999999,415.2375,921.045,3.805,15.655,32.0,3.69,6.75,48.77,1.93,67.5175,28.395,92.5,1.9675,46.455
Australia,2009,14.3,0.6266666666666667,35.39333333333334,1.906666666666667,411.02,853.9566666666666,2.5766666666666667,16.723333333333333,28.666666666666668,3.333333333333333,6.0,56.74333333333333,1.4633333333333332,56.26666666666667,33.75,126.33333333333331,2.3433333333333333,38.10333333333333
Australia,2010,15.44,0.83,32.67,3.99,416.01,1228.03,2.37,19.47,53.0,1.75,14.0,28.02,1.34,80.67,13.75,79.0,3.05,36.75
Australia,2011,15.131666666666666,1.0066666666666666,34.93,2.7883333333333336,405.305,1130.605,2.618333333333333,18.07333333333333,46.16666666666667,2.2199999999999998,11.333333333333332,30.961666666666666,1.3183333333333334,67.735,24.256666666666664,122.5,2.826666666666666,46.89
Australia,2012,14.823333333333332,1.1833333333333331,37.19,1.586666666666667,394.6,1033.18,2.8666666666666667,16.676666666666666,39.333333333333336,2.69,8.666666666666666,33.90333333333333,1.2966666666666666,54.8,34.76333333333333,166.0,2.603333333333333,57.03
Australia,2013,14.085,0.96,37.135000000000005,1.18,403.88,1298.69,3.975,17.045,8.0,2.335,4.5,45.525000000000006,2.05,47.175,21.895,158.0,2.47,27.435
Australia,2014,15.016666666666666,0.9966666666666666,33.38999999999999,5.203333333333333,441.05,630.4366666666666,4.15,16.18,24.666666666666668,3.6033333333333335,5.333333333333333,32.126666666666665,1.8833333333333333,29.686666666666667,35.42666666666667,87.66666666666667,2.103333333333333,68.05
Australia,2015,14.686666666666667,1.0166666666666666,33.75666666666667,4.963333333333334,424.41,985.9766666666666,2.6833333333333336,16.41,30.666666666666668,2.39,7.0,24.51,2.35,77.7,28.116666666666664,141.0,2.2533333333333334,93.61
Australia,2016,14.185,0.745,36.38,6.955,443.72,994.03,4.465,15.37,42.5,1.155,6.0,45.565,1.935,38.46,39.335,181.5,1.895,39.115
Australia,2017,15.17,0.74,40.92,8.89,412.9,1022.2,2.48,16.27,43.0,0.22,2.0,38.77,1.4,74.98,58.68,84.0,1.97,26.5
Australia,2018,14.51,1.095,36.4025,5.784999999999999,423.9375,1194.5175,3.4375,16.205,35.75,3.435,8.0,43.34,2.105,55.8775,46.0625,125.75,2.1575,62.4225
Australia,2019,14.36,0.995,37.01,5.6375,417.1925,1177.09,2.9625,17.1275,20.25,3.27,10.25,39.1,1.9075,54.24,24.84,122.0,1.9925,44.94
Australia,2020,14.9,0.99,31.17,6.35,397.12,896.6,5.33,17.33,23.0,0.77,14.0,28.59,1.98,71.56,39.01,75.0,2.69,63.64
Australia,2021,14.74,1.04,30.37,7.365,419.305,606.075,3.875,16.41,27.0,2.025,5.0,46.185,2.77,63.75,19.09,180.0,2.6100000000000003,32.11
Australia,2022,14.36,1.025,36.31,6.425,384.1,1505.915,3.955,15.62,24.5,3.975,11.0,47.425,1.75,49.675,49.790000000000006,53.0,2.245,28.58
Australia,2023,14.5275,1.2025,37.2625,2.71,407.6525,881.535,4.6325,15.84,25.25,1.6975,5.5,34.315,1.3275,67.005,39.215,69.75,2.5475000000000003,18.5775
Australia,2024,14.41,1.1,44.865,2.455,424.09,964.55,4.065,18.24,37.0,1.575,9.5,38.6,2.3600000000000003,37.695,40.95,124.5,2.055,69.19
Australia,2025,13.28,0.65,38.85,-1.9,420.22,1227.71,5.48,15.45,15.0,3.37,12.0,14.51,1.35,71.22,26.92,146.0,1.69,65.11
Brazil,1980,14.835,0.5900000000000001,28.775,6.21,415.115,1191.46,2.815,17.060000000000002,34.0,0.475,5.5,25.18,0.87,56.565,37.735,164.5,2.305,56.925
Brazil,1981,14.2025,0.975,32.65,8.6575,419.9525,814.0475,2.925,16.04,24.25,2.915,5.75,36.8025,1.865,65.3375,29.065,139.25,2.645,17.240000000000002
Brazil,1982,14.33,0.87,30.765,6.640000000000001,407.985,1273.3049999999998,3.89,14.93,36.5,2.06,5.0,34.525000000000006,1.925,53.56,35.285000000000004,147.5,2.48,27.39
Brazil,1983,13.76,1.515,35.545,6.800000000000001,410.625,1171.89,2.52,15.65,24.5,2.73,9.5,52.84,1.41,62.255,28.4,183.5,2.275,28.185
Brazil,1984,14.2575,1.2974999999999999,37.495000000000005,5.7625,420.78999999999996,1160.2350000000001,2.8075,15.6775,36.75,3.01,7.75,52.1275,1.52,66.65,31.919999999999998,147.0,2.3075,40.8875
Brazil,1985,14.755,1.08,39.445,4.725,430.955,1148.58,3.095,15.705,49.0,3.29,6.0,51.415,1.63,71.045,35.44,110.5,2.34,53.59
Brazil,1986,14.645833333333336,1.0508333333333333,36.909166666666664,4.7375,425.4533333333333,1001.1399999999999,3.041666666666667,16.071666666666665,39.916666666666664,2.6866666666666665,7.333333333333333,45.23833333333333,1.47,71.87583333333333,39.41,108.0,2.42,46.43833333333333
Brazil,1987,14.536666666666669,1.0216666666666667,34.373333333333335,4.75,419.95166666666665,853.6999999999999,2.9883333333333333,16.438333333333333,30.83333333333333,2.083333333333333,8.666666666666666,39.06166666666667,1.31,72.70666666666666,43.38,105.5,2.5,39.28666666666667
Brazil,1988,14.62,1.57,31.92,5.92,455.01,1013.44,1.67,16.2,23.0,4.85,12.0,65.47,1.7,55.21,15.16,123.0,2.59,61.18
Brazil,1989,13.695,1.1425,35.6475,6.0600000000000005,426.5625,1023.235,3.8125,17.195,38.25,3.9775,7.0,21.2775,2.08,47.6175,17.997500000000002,133.75,2.02,49.69
Brazil,1990,13.79,0.48,18.62,1.92,357.65,1032.4,2.67,11.32,12.0,3.59,14.0,52.69,2.16,73.77,43.74,117.0,2.05,11.39
Brazil,1991,14.616666666666667,0.8583333333333334,33.528333333333336,4.798333333333333,423.5133333333333,1030.855,2.698333333333333,16.501666666666665,33.333333333333336,2.556666666666666,5.833333333333333,37.72666666666667,1.9533333333333327,43.94166666666666,29.33833333333333,156.0,2.428333333333333,39.60833333333333
Brazil,1992,14.08,0.59,29.14,4.5,386.85,795.03,2.31,15.01,45.0,4.85,11.0,27.72,0.83,47.48,48.4,56.0,2.25,89.95
Brazil,1993,14.505,0.46,39.33,8.56,381.13,698.2149999999999,3.035,15.44,48.0,2.3,5.5,21.05,1.86,67.92,35.505,135.5,2.21,35.25
Brazil,1994,14.05,1.32,32.15,5.16,412.59,1104.57,2.13,17.04,52.0,4.36,4.0,68.94,0.77,21.59,6.42,45.0,2.1,64.41
Brazil,1995,14.505,0.91,40.74,-1.5,434.94,920.32,2.755,16.125,35.0,0.98,7.0,41.855,1.275,64.76,57.925,122.5,1.74,16.4
Brazil,1996,15.46,1.41,33.395,8.685,435.255,1029.435,4.705,16.37,37.0,1.055,6.5,24.2,0.36,72.015,30.915,106.5,1.81,31.585
Brazil,1997,15.0,0.57,38.35,5.43,403.4,569.56,3.95,12.78,16.0,1.91,9.0,69.32,0.21,82.68,59.51,127.0,2.31,30.91
Brazil,1998,14.25,0.95,31.88,0.13,421.0,396.13,3.19,20.88,33.0,2.12,7.0,25.25,3.02,44.37,42.03,141.0,2.05,63.66
Brazil,1999,13.88,0.95,35.45,10.62,423.42,1045.91,5.73,17.48,23.0,1.34,8.0,52.14,1.72,67.78,41.38,87.0,2.53,34.8
Brazil,2000,15.81,1.17,38.63,3.44,432.27,512.86,4.43,17.64,47.0,4.4,7.0,45.2,3.26,34.56,17.26,88.0,2.15,81.74
Brazil,2001,14.096666666666666,1.2033333333333334,34.333333333333336,-0.5033333333333333,423.72,714.32,3.1633333333333336,15.83,29.666666666666668,1.7666666666666666,7.0,36.223333333333336,1.29,62.59333333333333,46.16666666666666,136.33333333333334,2.313333333333333,68.56
Brazil,2002,13.9475,1.1475,33.730000000000004,3.8225,409.545,832.6025,3.5,17.605,26.75,3.7625,3.75,39.855,2.15,53.5675,33.9925,123.5,2.33,33.3
Brazil,2003,14.39,1.035,30.1975,7.2575,409.975,1058.065,3.55,16.4125,34.5,3.0475,3.75,37.67,2.66,57.95,24.56,138.5,2.605,37.32
Brazil,2004,14.3875,1.0175,32.66125,5.81125,406.2225,1082.66625,3.4974999999999996,16.23375,38.125,2.30625,4.25,42.64125,2.33,51.477500000000006,27.4125,144.875,2.28125,46.7375
Brazil,2005,14.385,1.0,35.125,4.365,402.47,1107.2675,3.445,16.055,41.75,1.565,4.75,47.6125,2.0,45.005,30.265,151.25,1.9575,56.155
Brazil,2006,14.776666666666666,0.7399999999999999,34.96333333333333,2.68,425.6266666666666,790.8233333333334,2.3633333333333333,15.403333333333334,25.0,3.1166666666666667,5.666666666666667,41.04333333333333,1.4466666666666663,50.48,20.99333333333333,153.66666666666666,2.6566666666666667,49.36333333333334
Brazil,2007,14.573333333333332,1.096666666666667,34.52166666666667,4.623333333333334,415.9533333333333,808.7466666666666,3.283333333333333,17.551666666666666,33.333333333333336,2.685,6.0,47.44166666666666,1.6016666666666666,48.07333333333333,28.846666666666668,114.16666666666669,2.5116666666666667,59.87166666666667
Brazil,2008,15.35,1.44,34.24,6.275,421.46,877.76,3.825,15.57,36.5,3.765,8.5,35.195,2.23,61.58,41.995000000000005,94.5,1.915,35.370000000000005
Brazil,2009,14.95,1.38,36.84,2.32,425.63,1213.66,4.01,17.95,13.0,4.99,13.0,62.27,2.11,22.27,26.27,184.0,2.12,37.44
Brazil,2010,14.375,1.61,32.68,-0.995,421.61,1277.35,3.435,16.744999999999997,41.0,0.92,4.5,36.56,0.3,42.005,35.765,125.5,2.1950000000000003,38.97
Brazil,2011,14.27,1.0433333333333332,36.32666666666667,3.19,415.0633333333333,919.79,2.9166666666666665,16.053333333333335,27.33333333333333,3.4933333333333336,6.666666666666667,60.59333333333333,2.703333333333333,54.66666666666666,42.93,156.33333333333334,2.1466666666666665,73.18666666666667
Brazil,2012,14.476,1.07,36.032,6.356,432.244,1170.848,3.624,17.131999999999998,41.6,2.376,6.0,39.54,2.298,41.034,18.928,107.4,1.932,32.946
Brazil,2013,14.7,0.77,33.58,-1.63,440.2,800.41,4.43,16.12,45.0,1.75,9.0,32.95,1.22,46.05,56.05,184.0,2.2,96.55
Brazil,2014,14.52,0.7783333333333333,29.02,2.995,396.5466666666667,916.5283333333332,3.701666666666666,16.463333333333335,30.5,2.225,3.8333333333333335,36.67166666666667,2.0483333333333333,56.44,32.61666666666667,111.33333333333331,2.2216666666666667,20.78
Brazil,2015,14.41875,0.9891666666666666,33.6775,5.3412500000000005,396.05083333333334,977.8729166666666,3.753333333333333,16.73166666666667,28.375,2.05625,6.166666666666666,39.70708333333333,1.4829166666666667,48.905,31.819583333333334,121.16666666666666,2.1420833333333333,30.5275
Brazil,2016,14.3175,1.2,38.335,7.6875,395.555,1039.2175,3.805,17.0,26.25,1.8875,8.5,42.7425,0.9175,41.37,31.0225,131.0,2.0625,40.275
Brazil,2017,14.694,0.942,39.646,6.048,407.162,941.802,3.1260000000000003,16.236,24.6,3.502,5.0,34.092,1.2280000000000002,69.152,22.92,140.8,2.356,57.176
Brazil,2018,15.025,0.9433333333333334,32.055,5.669999999999999,419.685,890.4383333333334,3.783333333333333,15.403333333333334,31.33333333333333,3.3000000000000003,9.5,27.865,2.2116666666666664,46.345,29.85,97.16666666666669,2.151666666666667,40.44
Brazil,2019,14.73,0.88,40.055,6.15,412.8525,1096.9825,3.5125,16.0875,36.5,4.18,7.25,28.8025,2.71,77.17750000000001,17.205000000000002,155.25,2.02,30.62
Brazil,2020,15.13,1.205,39.51,3.755,404.76,530.0699999999999,3.745,15.335,43.5,2.39,7.5,42.325,2.15,54.06,41.7,105.5,2.36,10.01
Brazil,2021,14.665,1.1925,37.17,7.9975,418.65,826.91,3.8125,15.197500000000002,25.75,2.4400000000000004,7.75,35.932500000000005,1.405,39.995000000000005,30.980000000000004,125.25,2.36,53.589999999999996
Brazil,2022,14.2,1.18,34.83,12.24,432.54,1123.75,3.88,15.06,8.0,2.49,8.0,29.54,0.66,25.93,20.26,145.0,2.36,97.17
Brazil,2023,14.73,1.1725,37.48,4.7625,402.615,891.0,4.43,16.33,33.25,4.05,10.5,35.7125,0.7925,55.9125,42.7825,116.5,2.0025,32.455
Brazil,2024,14.273333333333332,1.1333333333333333,34.07,1.4266666666666667,409.1266666666667,663.8866666666667,3.6166666666666663,15.873333333333337,33.0,2.813333333333333,3.6666666666666665,29.86,1.3766666666666667,50.973333333333336,44.02,100.66666666666669,2.043333333333333,37.49333333333333
Brazil,2025,14.0,0.9,29.39,5.28,415.92,1289.185,3.605,16.715,29.5,1.9,8.5,30.745,3.22,52.79,36.015,167.0,2.21,62.63
Canada,1980,14.82,0.9466666666666668,34.04666666666667,1.8433333333333333,377.4666666666667,613.6033333333334,3.9966666666666666,16.113333333333333,30.0,1.78,10.333333333333334,48.61666666666667,1.1366666666666667,44.31666666666666,31.743333333333336,101.33333333333331,2.57,66.79333333333334
Canada,1981,14.595,0.79,37.0575,2.75,416.47,1091.285,3.6125,17.2175,21.25,3.345,7.75,41.4075,1.7025,42.2025,38.5975,148.0,2.46,44.5325
Canada,1982,14.02,0.63,33.81,0.57,331.31,596.16,3.3,16.38,15.0,1.43,6.0,15.58,1.83,49.75,23.12,82.0,2.38,95.65
Canada,1983,14.495,0.9925,39.1275,4.4425,408.6225,1424.0500000000002,3.4650000000000003,16.575,24.5,3.2125,7.0,32.120000000000005,1.315,55.63,18.595,143.0,2.175,34.8425
Canada,1984,15.19,1.34,30.49,3.09,457.79,843.14,2.37,16.53,35.0,2.77,4.0,13.98,0.69,87.65,49.84,102.0,2.4,28.71
Canada,1985,14.5,0.88,33.94,4.8,403.27,1012.53,3.92,18.85,15.0,1.88,11.0,55.05,1.25,21.78,59.85,168.0,1.8,70.56
Canada,1986,14.36,1.495,41.0625,6.155,415.0625,988.285,3.3525,17.314999999999998,34.75,3.585,10.75,28.84,1.605,54.93,42.43,63.25,2.105,45.36749999999999
Canada,1987,14.283333333333331,1.5533333333333337,37.99666666666666,4.623333333333334,408.6666666666667,1128.36,4.1433333333333335,15.456666666666663,13.666666666666666,2.6466666666666665,8.0,42.63,0.7333333333333334,52.330000000000005,33.20333333333333,138.33333333333334,2.6533333333333333,71.15333333333332
Canada,1988,14.806666666666668,0.8566666666666666,30.406666666666663,4.89,415.7533333333333,1042.3233333333335,3.873333333333333,18.266666666666666,30.33333333333333,3.34,6.0,56.26333333333333,1.95,61.25666666666666,28.063333333333333,125.0,2.28,55.45
Canada,1989,14.48,1.24,39.36,3.47,422.59,525.59,4.01,17.09,28.0,2.44,7.0,53.51,1.68,88.64,22.88,74.0,1.83,86.61
Canada,1990,14.75,1.198,36.012,1.768,414.75,1149.812,2.77,16.69,16.6,2.83,6.6,37.458,1.23,62.88000000000001,31.342,168.2,2.016,36.162
Canada,1991,14.38,0.64,36.81,3.95,377.35,471.92,4.08,14.45,35.0,3.2,10.0,12.11,2.0,70.8,58.48,109.0,1.69,31.53
Canada,1992,14.61,0.74,38.26,4.41,425.26,1091.325,5.16,15.405,33.5,3.675,6.0,50.075,2.34,58.575,57.39,138.0,2.455,67.00999999999999
Canada,1993,14.734285714285717,1.1185714285714283,34.79,5.757142857142857,422.66,944.3671428571428,3.915714285714286,17.084285714285716,31.428571428571427,2.4057142857142857,7.0,46.19285714285714,2.0828571428571427,59.31142857142857,41.45857142857143,103.71428571428572,2.567142857142857,45.701428571428565
Canada,1994,14.64,1.525,39.165,5.699999999999999,392.785,938.54,4.035,15.43,20.0,4.720000000000001,4.5,47.31,1.54,38.16,32.86,113.5,2.385,31.455
Canada,1995,14.475,1.165,28.245,3.35,401.98,1070.79,2.835,15.785,32.5,3.345,1.5,54.77,1.54,81.39,43.28,186.5,2.27,75.245
Canada,1996,14.76,1.1800000000000002,43.485,7.04,406.65,523.085,4.645,15.375,41.5,3.675,3.5,40.91,2.63,83.11500000000001,22.905,118.0,2.04,79.91999999999999
Canada,1997,14.76,1.25,41.01416666666667,5.291666666666666,414.71833333333336,690.6275,4.174166666666666,16.2175,28.416666666666668,3.1108333333333333,5.916666666666667,44.435,2.34,69.5275,24.40083333333333,129.66666666666669,1.9383333333333335,83.95833333333333
Canada,1998,14.76,1.32,38.54333333333333,3.543333333333333,422.7866666666667,858.1700000000001,3.703333333333333,17.060000000000002,15.333333333333334,2.546666666666667,8.333333333333334,47.96,2.0500000000000003,55.94,25.896666666666665,141.33333333333334,1.836666666666667,87.99666666666667
Canada,1999,14.263333333333334,1.153333333333333,32.156666666666666,7.1066666666666665,452.0233333333333,1085.6733333333334,3.87,16.523333333333333,34.0,3.436666666666667,8.333333333333334,29.093333333333334,1.913333333333333,48.78333333333334,33.67,122.66666666666669,2.2066666666666666,53.31999999999999
Canada,2000,14.475,1.12,31.195,6.59,372.04,1167.33,4.955,15.595,49.0,2.03,3.0,45.935,1.425,65.995,50.8,94.5,1.8,51.755
Canada,2001,14.743333333333334,1.1733333333333331,32.913333333333334,4.126666666666667,391.92333333333335,1580.9833333333331,2.7433333333333336,15.409999999999998,23.0,3.42,4.333333333333333,36.85,1.0333333333333334,34.486666666666665,30.73333333333333,161.33333333333334,2.4166666666666665,34.7
Canada,2002,14.8625,1.4075,36.9025,8.432500000000001,409.32,908.7375,3.5175,15.6225,29.5,2.29,10.5,42.7425,2.205,50.6725,31.07,97.25,2.2825,53.9
Canada,2003,14.14,0.8700000000000001,38.005,6.105,412.17,1248.14,3.5250000000000004,16.86,37.5,2.765,2.0,55.76,2.5700000000000003,42.56,44.045,154.0,1.915,24.475
Canada,2004,14.162500000000001,1.065,34.81,6.34875,417.02875,1254.4962500000001,3.0275,17.045,38.25,2.2225,3.25,42.614999999999995,2.37875,47.18625,39.75,153.875,2.12,32.32000000000001
Canada,2005,14.185,1.26,31.615,6.592499999999999,421.8875,1260.8525,2.53,17.23,39.0,1.68,4.5,29.47,2.1875,51.8125,35.455,153.75,2.325,40.165000000000006
Canada,2006,14.575,1.2,38.83,5.915,415.405,1679.8200000000002,2.47,16.67,31.5,2.265,4.0,42.405,2.865,73.625,44.075,117.0,2.04,37.705
Canada,2007,13.92,1.2233333333333334,38.66666666666666,3.53,414.2633333333333,906.64,4.676666666666667,16.61,26.0,2.8233333333333337,6.333333333333333,31.846666666666664,2.9766666666666666,59.13666666666666,38.64666666666667,143.33333333333334,2.42,70.41
Canada,2008,14.99,1.335,36.38,5.305,440.635,1094.385,3.37,17.105,18.5,1.155,11.0,42.19,2.225,45.46,40.09,124.0,1.98,39.47
Canada,2009,13.865,0.94,34.85,3.4800000000000004,411.265,949.775,1.985,15.74,48.5,2.815,6.0,43.625,1.7600000000000002,55.13,16.615,62.0,2.18,61.09
Canada,2010,15.155,1.265,33.99,7.439999999999999,386.05,974.14,4.135,15.97,57.5,3.085,3.5,31.71,2.74,44.09,44.82,157.5,2.535,46.985
Canada,2011,15.24,1.56,40.29,6.67,429.93,934.09,3.94,17.31,55.0,4.28,13.0,21.67,0.31,46.59,30.23,61.0,2.28,56.04
Canada,2012,14.68,0.985,37.87,7.1000000000000005,421.25,674.735,1.34,16.39,19.0,1.845,6.0,52.875,1.635,72.98,41.015,135.0,2.61,51.05499999999999
Canada,2013,14.263333333333334,0.31,36.723333333333336,3.3266666666666667,426.3666666666666,926.1433333333332,3.773333333333333,16.683333333333334,23.666666666666668,3.206666666666667,9.0,42.09333333333333,1.4366666666666663,24.23333333333333,30.85333333333333,99.0,2.4466666666666668,63.31333333333333
Canada,2014,14.196666666666664,1.12,36.76555555555555,5.368888888888889,418.3277777777778,918.4955555555556,3.862222222222222,16.892222222222223,28.88888888888889,2.528888888888889,5.444444444444445,37.96666666666667,1.541111111111111,62.47111111111112,24.278888888888886,91.77777777777776,2.31,39.45444444444444
Canada,2015,14.523333333333332,1.4866666666666666,38.75333333333333,6.216666666666666,398.81,1326.5333333333333,2.1333333333333333,17.14,21.666666666666668,3.283333333333333,4.333333333333333,23.116666666666664,2.51,37.973333333333336,21.57333333333333,110.33333333333331,2.283333333333333,33.24
Canada,2016,13.59,0.465,33.845,5.205,427.38,1104.605,3.535,17.085,35.0,2.26,11.0,31.33,3.095,32.17,37.82,166.0,1.425,61.095
Canada,2017,14.226666666666668,0.5333333333333333,36.34333333333333,3.95,380.07666666666665,1110.6066666666668,3.24,15.363333333333337,31.666666666666668,3.1633333333333327,8.333333333333334,38.77666666666666,2.303333333333333,50.35,22.27,143.0,2.61,75.75333333333333
Canada,2018,14.653333333333334,1.03,34.48666666666667,3.186666666666667,410.3133333333333,961.52,5.44,17.723333333333333,49.66666666666666,1.7233333333333334,2.0,56.60666666666666,1.6266666666666667,50.75666666666667,31.75,143.33333333333334,2.4266666666666667,47.903333333333336
Canada,2019,14.295,1.63,35.215,7.46,407.04,924.76,2.44,18.06,7.5,1.0550000000000002,6.0,26.655,1.56,59.650000000000006,31.08,105.5,1.86,40.785
Canada,2020,15.69,1.02,48.19,0.58,423.14,1460.96,3.1,13.65,54.0,1.52,6.0,54.96,2.97,49.56,50.63,186.0,1.6,45.57
Canada,2021,14.14,1.32,35.89,7.66,450.47,1015.6,5.34,13.69,29.0,3.53,6.0,39.46,0.24,75.82,56.96,59.0,1.62,56.99
Canada,2022,13.606666666666667,1.24,34.82,3.4633333333333334,400.25,985.58,3.96,15.833333333333334,49.333333333333336,2.0966666666666662,6.0,61.03666666666667,1.1,61.81333333333333,25.71333333333333,148.33333333333334,2.1266666666666665,52.18333333333334
Canada,2023,14.07,0.61,28.82,1.62,409.6,807.81,2.37,17.62,29.0,4.11,3.0,65.61,1.04,42.22,24.62,137.0,2.45,35.62
Canada,2024,14.61,0.92,33.06333333333333,5.386666666666667,428.6433333333334,567.0866666666667,3.73,17.28,18.0,0.7666666666666666,3.333333333333333,20.453333333333333,2.8866666666666667,46.52,30.12333333333333,186.0,2.3800000000000003,89.19333333333334
Canada,2025,14.02,0.88,36.41,-1.48,409.65,509.3,2.71,17.72,36.0,4.45,2.0,11.05,1.06,37.57,59.08,101.0,1.93,95.04
China,1980,14.7325,0.9025,35.3225,4.5425,417.73,899.17,3.535,17.0925,40.5,2.9475,7.25,35.8225,1.5525,54.7425,29.9125,61.75,2.135,45.4925
China,1981,14.883333333333333,1.2533333333333334,35.86666666666667,3.356666666666667,411.9933333333333,951.7233333333334,3.233333333333333,17.12,24.0,2.4966666666666666,10.333333333333334,43.70666666666667,2.123333333333333,44.46666666666667,30.296666666666667,133.66666666666666,2.283333333333333,29.37333333333333
China,1982,14.0375,0.8175,34.5975,6.467499999999999,424.3,888.03,4.9375,17.5,28.0,2.175,3.25,48.31,1.6149999999999998,58.41,34.192499999999995,97.5,2.485,26.8025
China,1983,15.1,1.0666666666666669,40.61333333333334,2.153333333333333,441.7866666666667,1067.61,4.303333333333334,16.41,24.33333333333333,2.033333333333333,6.666666666666667,33.65,2.33,70.83666666666666,35.40333333333333,69.66666666666667,2.303333333333333,21.723333333333333
China,1984,14.56,1.03,32.31666666666667,7.7,428.4066666666667,1449.0533333333333,3.516666666666667,16.086666666666666,36.66666666666666,3.37,6.0,30.620000000000005,0.6333333333333334,62.56333333333333,52.16,140.0,2.6666666666666665,24.586666666666662
China,1985,14.613333333333337,0.9766666666666666,30.593333333333334,3.1666666666666665,428.83,1088.2333333333331,4.15,17.703333333333333,27.666666666666668,3.583333333333333,3.333333333333333,34.43666666666667,2.2,35.156666666666666,32.39,107.66666666666669,2.73,72.29666666666667
China,1986,14.968333333333334,0.9166666666666665,31.616666666666667,3.7249999999999996,437.96,993.7433333333333,3.5616666666666665,16.655,32.833333333333336,4.208333333333333,7.0,26.321666666666665,1.9333333333333336,47.58833333333334,32.370000000000005,107.0,2.365,70.86166666666666
China,1987,15.323333333333332,0.8566666666666666,32.64,4.283333333333333,447.09,899.2533333333334,2.973333333333333,15.606666666666667,38.0,4.833333333333333,10.666666666666666,18.206666666666667,1.6666666666666667,60.02,32.35,106.33333333333331,2.0,69.42666666666666
China,1988,14.978333333333332,1.1833333333333331,32.26,4.266666666666667,432.45,897.2466666666668,3.2016666666666667,15.56,34.333333333333336,3.1933333333333334,9.166666666666666,23.566666666666663,1.955,50.33166666666667,34.72333333333333,98.66666666666666,2.1550000000000002,53.33166666666666
China,1989,14.633333333333333,1.5099999999999998,31.88,4.25,417.81,895.2400000000001,3.43,15.513333333333334,30.666666666666668,1.5533333333333337,7.666666666666667,28.926666666666662,2.243333333333333,40.64333333333334,37.09666666666666,91.0,2.31,37.236666666666665
China,1990,14.05,0.765,33.045,5.115,416.47,920.925,3.565,19.905,23.5,3.27,7.0,60.6,2.34,47.56,46.24,145.0,2.26,51.2
China,1991,13.58,1.52,40.78,2.68,458.49,1346.47,4.7,17.85,49.0,1.46,4.0,59.19,2.64,62.44,27.44,197.0,1.04,29.89
China,1992,14.175,1.46,35.745000000000005,3.335,442.90999999999997,1201.23,3.95,18.11,30.0,2.705,7.5,55.614999999999995,2.15,58.685,32.565,127.5,2.165,43.394999999999996
China,1993,14.77,1.4,30.71,3.99,427.33,1055.99,3.2,18.37,11.0,3.95,11.0,52.04,1.66,54.93,37.69,58.0,3.29,56.9
China,1994,14.594,0.91,31.274,2.658,421.848,1154.692,3.3020000000000005,16.476,32.0,2.14,6.0,47.854,1.174,52.848,47.622,143.4,1.628,48.538
China,1995,14.566666666666668,1.07,36.906666666666666,4.053333333333334,426.9333333333333,873.3233333333333,2.91,16.933333333333334,39.0,1.606666666666667,2.333333333333333,58.09666666666667,1.3533333333333333,76.78,37.766666666666666,150.66666666666666,2.06,50.04
China,1996,14.2025,1.1625,33.4525,3.7775,416.5,867.2874999999999,3.0675,17.0775,28.5,1.1875,2.75,42.0,2.29,47.8775,42.9375,80.75,2.1825,50.45
China,1997,14.616666666666667,1.0766666666666664,40.18666666666667,6.033333333333334,416.3133333333333,1248.1633333333332,3.706666666666667,15.873333333333337,9.0,2.4233333333333333,8.333333333333334,52.72,2.393333333333333,61.13333333333333,39.52666666666666,106.33333333333331,1.93,50.75
China,1998,14.64,1.055,38.51,4.654999999999999,387.17,804.0899999999999,2.055,17.81,21.0,0.62,8.0,45.595,1.825,49.355,25.255,89.0,2.485,54.645
China,1999,14.283333333333331,0.7966666666666667,33.06333333333333,5.226666666666667,398.26666666666665,928.1266666666668,2.9633333333333334,15.686666666666667,35.333333333333336,2.9966666666666666,1.3333333333333333,32.2,1.6466666666666665,57.49666666666667,44.16,114.0,2.1666666666666665,53.830000000000005
China,2000,14.69,1.2733333333333334,31.766666666666666,8.303333333333333,426.1166666666666,1224.4433333333334,3.806666666666666,15.246666666666668,18.33333333333333,2.793333333333333,4.333333333333333,26.69,1.2433333333333334,29.166666666666668,31.08,116.66666666666669,2.83,32.70666666666667
China,2001,14.725714285714286,1.1057142857142856,33.51,4.16,406.9385714285714,1016.26,3.2457142857142856,16.664285714285715,22.571428571428573,2.481428571428572,9.0,40.34285714285714,1.457142857142857,54.19,37.42714285714286,84.28571428571429,1.8228571428571427,38.42
China,2002,14.633333333333333,0.8266666666666667,32.60333333333333,5.283333333333334,410.8033333333333,977.1433333333332,2.716666666666667,16.69,24.0,2.98,3.6666666666666665,18.56,1.3066666666666666,50.083333333333336,38.04,146.0,2.333333333333333,63.52333333333333
China,2003,14.546666666666669,1.1333333333333333,34.59166666666667,6.446666666666666,417.8133333333333,799.0949999999999,3.2750000000000004,15.538333333333332,39.16666666666666,2.4266666666666667,8.333333333333334,44.17166666666666,2.105,72.15,29.975,105.5,1.8083333333333331,57.19833333333333
China,2004,14.7,1.072,32.62,5.166,411.178,1017.86,3.422,17.63,16.6,3.414,7.6,36.92,1.6,62.38,26.098000000000003,103.2,2.322,46.306
China,2005,14.09,1.6,37.48,6.03,397.12,763.59,2.97,18.71,53.0,4.99,12.0,35.05,2.59,25.91,39.15,174.0,2.81,40.47
China,2006,14.395,1.02,38.5,-0.4,440.58,1122.89,3.53,17.245,52.0,1.31,10.0,18.89,2.125,79.78,43.27,134.0,1.98,58.49
China,2007,14.476666666666668,0.7166666666666667,36.43833333333333,0.9066666666666666,403.3066666666667,1005.125,4.323333333333333,16.831666666666667,24.5,2.14,5.166666666666667,46.16,1.471666666666667,60.20333333333334,36.90166666666666,128.66666666666666,1.9166666666666667,46.145
China,2008,14.680833333333336,1.0508333333333333,37.93666666666667,5.170833333333333,411.3233333333333,811.78,4.0616666666666665,16.685833333333335,30.75,2.1500000000000004,8.083333333333334,46.805,1.0933333333333335,58.906666666666666,30.55583333333333,153.58333333333331,2.1783333333333332,60.07000000000001
China,2009,14.885000000000002,1.385,39.435,9.435,419.34,618.4350000000001,3.8,16.54,37.0,2.16,11.0,47.45,0.715,57.61,24.21,178.5,2.44,73.995
China,2010,14.186666666666667,1.1033333333333333,37.306666666666665,5.616666666666667,406.1666666666667,965.5933333333332,4.206666666666666,16.59,15.333333333333334,3.1300000000000003,6.0,30.52,2.793333333333333,65.82666666666667,38.57666666666667,112.0,2.5966666666666667,48.38
China,2011,14.45,0.99,37.946666666666665,3.9,413.4433333333333,1056.9,3.3233333333333337,16.38,21.0,1.6933333333333331,7.666666666666667,39.03,2.226666666666667,51.26666666666667,15.17,114.66666666666669,1.9933333333333327,63.366666666666674
China,2012,14.71888888888889,1.227777777777778,36.84333333333333,5.6033333333333335,425.36,1024.548888888889,3.6333333333333337,16.065555555555555,29.0,2.468888888888889,8.88888888888889,28.802222222222227,2.0677777777777777,57.31555555555556,30.43777777777778,101.55555555555556,2.556666666666666,44.17777777777778
China,2013,14.05,1.08,34.1275,2.925,447.2875,905.8925,2.56,16.3925,12.25,1.56,9.75,42.3275,2.1925,52.24,41.3325,155.0,2.315,82.175
China,2014,15.15,1.57,37.98,8.33,423.96,1122.4,2.32,18.21,55.0,3.97,4.0,10.15,2.23,23.46,43.25,69.0,1.06,76.0
China,2015,14.835,0.5549999999999999,35.82,7.8,412.56,1270.525,3.23,16.814999999999998,14.0,1.945,5.5,32.760000000000005,2.91,43.87,20.74,107.0,1.66,39.96
China,2016,14.348571428571429,1.1357142857142857,37.50142857142857,6.368571428571428,424.9642857142857,962.7314285714284,3.88,16.645714285714284,24.571428571428573,2.422857142857143,6.428571428571429,33.878571428571426,2.0571428571428574,68.73,37.50428571428571,159.71428571428572,2.107142857142857,48.07857142857143
China,2017,14.35,0.54,31.74,8.93,403.77,1308.11,5.15,15.35,56.0,0.76,8.0,48.37,1.04,79.52,28.08,154.0,1.83,84.4
China,2018,14.55,1.1133333333333333,33.68,5.726666666666667,408.11,1093.3266666666666,4.64,16.49,29.33333333333333,2.553333333333333,7.333333333333333,34.27,1.7033333333333334,71.12,29.133333333333336,107.33333333333331,2.32,50.85
China,2019,14.938,1.184,34.40599999999999,-0.2639999999999999,397.336,947.048,3.688,16.77,28.2,2.424,5.6,47.294,2.504,49.22,33.15,147.6,2.226,33.138
China,2020,14.24,1.22,38.400000000000006,9.63,438.32,849.41,3.615,15.36,24.5,2.035,11.0,37.54,2.375,52.855,24.055,45.0,2.215,52.465
China,2021,14.32,0.95,40.58,0.33,467.47,957.92,2.16,17.74,13.0,2.41,12.0,41.36,2.46,87.88,53.32,105.0,2.24,30.83
China,2022,14.53,1.08,34.48,3.655,430.13,1089.99,3.22,16.265,27.0,2.54,4.5,52.565,2.845,42.035,40.83,160.5,1.835,91.885
China,2023,14.364,1.182,32.056,4.208,419.896,969.592,2.532,15.8,35.8,1.4599999999999995,9.2,35.414,1.82,49.572,28.848000000000003,141.6,2.15,51.764
China,2024,14.202000000000002,1.088,37.452,7.407999999999999,405.132,1007.426,2.966,15.89,38.6,2.336,7.2,37.456,1.77,39.368,29.252,107.4,2.226,46.88
China,2025,14.202000000000002,1.088,37.452,7.407999999999999,405.132,1007.426,2.966,15.89,38.6,2.336,7.2,37.456,1.77,39.368,29.252,107.4,2.226,46.88
France,1980,14.58,1.07,36.49,6.81,447.54,962.89,3.67,13.94,16.0,1.37,2.0,27.46,0.97,79.31,59.17,122.0,2.57,26.32
France,1981,14.506666666666666,0.7000000000000001,33.96,6.616666666666667,405.75666666666666,1014.4566666666666,3.786666666666666,16.343333333333334,15.333333333333334,1.153333333333333,9.666666666666666,30.07,2.536666666666666,46.73333333333333,32.73333333333333,127.66666666666669,2.3666666666666667,46.41
France,1982,14.64,0.665,37.575,4.73,439.1,862.225,4.725,17.82,33.5,1.79,7.5,69.355,2.6,82.4,49.72,106.5,1.32,73.67
France,1983,14.05,1.56,28.22,5.21,388.22,1650.17,3.51,16.31,30.0,4.41,6.0,44.04,1.55,72.48,46.26,88.0,2.38,70.6
France,1984,14.325714285714286,1.195714285714286,35.01714285714286,3.27,421.3057142857143,1053.2242857142858,2.8185714285714285,16.965714285714284,19.285714285714285,1.37,7.428571428571429,42.777142857142856,1.1357142857142857,54.10857142857143,33.77428571428571,109.57142857142856,2.1028571428571428,63.83
France,1985,14.32,1.284,32.556,3.554,393.458,1075.016,3.78,17.344,22.8,3.246,8.2,34.22,2.0460000000000003,41.818,24.562,120.2,2.184,47.882
France,1986,14.365,1.005,37.14,7.04,416.505,959.19,2.145,17.675,42.5,3.295,10.5,28.245,1.395,57.605,33.185,150.0,1.935,23.25
France,1987,14.855,1.23,32.46,4.055,414.895,1038.33,4.475,19.025,50.5,1.33,3.0,47.865,1.94,89.535,24.19,84.5,2.11,47.790000000000006
France,1988,14.755,1.245,32.14,3.21,402.515,1242.79,3.63,16.619999999999997,14.0,2.49,7.5,44.760000000000005,1.965,45.975,28.345,69.5,2.455,36.555
France,1989,14.52,1.26,39.14666666666667,7.113333333333333,416.08,989.5533333333332,3.47,15.726666666666668,18.33333333333333,3.436666666666667,5.333333333333333,29.66333333333333,2.41,69.35000000000001,31.42,152.33333333333334,2.2266666666666666,65.29
France,1990,15.14,1.11,32.84,7.82,457.16,818.11,4.01,18.73,22.0,4.93,5.0,60.44,1.7,20.45,55.7,54.0,2.26,29.33
France,1991,13.9,1.41,29.265,6.605,417.765,1018.03,3.075,16.65,30.0,3.615,5.0,42.035,2.9,39.16,14.4,72.5,2.525,40.585
France,1992,14.21,1.13,39.63,2.465,427.975,1028.82,3.155,17.39,9.5,4.32,8.5,27.02,2.72,61.975,35.93,77.5,2.625,45.585
France,1993,14.39,1.42,36.82333333333333,3.8,440.4866666666667,1065.993333333333,2.9966666666666666,17.186666666666667,27.0,1.54,9.666666666666666,55.00333333333333,1.8066666666666664,65.90666666666667,27.62333333333333,150.33333333333334,2.06,29.44666666666667
France,1994,13.905,1.255,34.475,4.37,419.58,993.97,3.555,13.705,21.5,2.455,6.0,39.745000000000005,2.735,66.53,34.91,102.5,2.9850000000000003,56.435
France,1995,14.2325,1.4475,32.5325,7.4725,405.445,1097.4525,4.8,17.045,36.5,2.9275,6.75,41.8475,1.135,53.68,29.3825,136.25,2.72,62.555
France,1996,15.26,1.1,36.47,0.27,360.05,1074.65,2.08,14.94,8.0,3.35,5.0,14.16,3.23,37.62,19.55,55.0,1.54,62.88
France,1997,14.635000000000002,0.99,34.61,8.585,409.885,602.13,2.41,16.625,13.0,1.34,7.5,29.895000000000003,1.85,46.9,22.505000000000003,48.0,1.775,29.99
France,1998,15.0125,1.0775,30.5175,5.8500000000000005,414.375,970.0875,3.9725,17.7425,23.25,1.9025,8.5,41.855,2.335,63.62,32.74,119.0,2.295,35.7075
France,1999,14.085,1.065,33.72,6.475,373.215,823.625,3.74,17.735,34.5,2.8,7.0,67.88,2.49,66.125,51.760000000000005,187.5,2.455,95.235
France,2000,14.125,1.265,36.335,6.8625,392.465,885.5975,3.2975000000000003,15.81,31.5,3.7325,5.0,36.095,1.76,41.4325,44.6725,175.0,2.27,71.6525
France,2001,14.394,1.036,37.588,4.318,442.096,764.168,4.254,15.868,26.4,2.2880000000000003,8.2,38.242,1.7979999999999996,51.184,25.518,114.0,1.906,43.738
France,2002,14.253333333333336,0.7600000000000001,32.49,2.636666666666667,413.46,940.8333333333334,4.97,17.03,33.333333333333336,2.4633333333333334,6.666666666666667,39.653333333333336,2.4233333333333333,53.48333333333333,38.25,129.66666666666666,1.7999999999999998,60.61666666666667
France,2003,14.78,0.6033333333333334,36.41333333333333,6.593333333333334,406.7466666666666,1154.39,3.356666666666667,15.56,25.0,2.856666666666667,5.0,20.526666666666667,1.143333333333333,43.64000000000001,35.7,108.66666666666669,2.07,26.3
France,2004,14.37,1.262,33.494,6.566,399.992,1024.182,3.792,16.258000000000003,30.4,2.46,6.2,29.45,1.778,61.73199999999999,31.934000000000005,147.6,2.304,67.40799999999999
France,2005,14.75,1.04,32.476,6.158,386.938,1150.134,4.018,16.964,29.8,1.832,8.4,31.454,2.1580000000000004,55.078,33.628,110.6,2.206,47.852
France,2006,14.36,0.89,34.09,6.45,401.79,872.52,3.26,14.79,0.0,3.47,12.0,24.33,0.82,35.63,42.15,92.0,2.85,97.06
France,2007,14.8,1.29,31.37,2.09,393.09,1377.75,4.3,16.15,29.0,3.44,11.0,48.9,2.73,24.91,9.98,112.0,1.68,97.09
France,2008,14.88,0.97,31.645000000000003,4.935,433.555,1025.835,0.575,17.095,32.0,1.325,8.0,53.98,2.22,41.32,35.47,184.5,2.23,73.18
France,2009,14.406666666666666,0.82,35.61333333333334,1.31,423.7166666666667,673.27,2.9133333333333336,17.163333333333334,39.0,2.793333333333333,2.0,49.69,1.1666666666666667,46.61666666666667,23.9,120.33333333333331,2.2466666666666666,37.95333333333333
France,2010,14.85,1.14,32.45,4.74,425.5466666666666,1107.7966666666669,3.86,15.976666666666668,48.66666666666666,2.1533333333333333,5.666666666666667,34.233333333333334,2.953333333333333,63.53666666666667,23.290000000000003,144.66666666666666,2.023333333333333,54.41
France,2011,14.35,1.195,39.435,1.215,449.07,822.74,2.735,16.91,9.5,0.905,9.0,26.68,1.915,86.495,9.935,101.0,2.71,35.845
France,2012,14.283333333333331,1.3633333333333333,33.806666666666665,4.166666666666666,426.16333333333336,1268.1166666666666,4.11,16.433333333333334,34.666666666666664,1.6866666666666663,6.0,45.03333333333333,1.8133333333333328,56.96,36.03333333333333,111.33333333333331,2.1166666666666667,38.85666666666666
France,2013,14.575,0.79,37.0975,3.5575,428.58,743.155,4.0775,16.8175,30.75,3.77,5.5,41.105,0.975,53.6775,35.69,134.75,2.3875,46.2475
France,2014,14.17,1.0533333333333332,29.606666666666666,5.243333333333333,426.0833333333333,1006.4033333333332,3.036666666666667,15.896666666666668,44.0,2.9333333333333336,10.0,30.64333333333333,1.5833333333333333,51.17,36.40333333333333,99.0,2.263333333333333,37.13333333333333
France,2015,14.293333333333337,1.0666666666666669,34.300000000000004,4.39,422.26666666666665,955.5533333333332,2.9033333333333338,17.23,35.0,2.2066666666666666,5.333333333333333,39.87,1.6566666666666665,58.87,21.87,156.33333333333334,1.67,54.27333333333333
France,2016,14.916666666666666,0.5499999999999999,35.15,4.693333333333333,415.8333333333333,1266.29,3.633333333333333,18.14333333333333,28.0,1.6766666666666663,8.666666666666666,36.15,1.4166666666666667,64.64999999999999,41.92666666666667,124.0,1.8733333333333333,51.77666666666667
France,2017,14.845,0.89,31.61,3.4075,430.85,730.1724999999999,3.7325,16.895,26.75,2.725,5.25,35.6725,1.8325,39.5125,25.0875,119.75,2.315,45.135
France,2018,14.67,1.41,33.1,3.75,426.67,1422.19,1.48,15.78,45.0,1.05,5.0,44.54,3.46,65.85,21.51,71.0,2.67,23.87
France,2019,14.68,0.98,39.42666666666667,2.6566666666666667,407.9166666666667,818.7566666666667,2.27,16.353333333333335,22.666666666666668,2.2466666666666666,7.666666666666667,31.74,2.68,60.67666666666668,41.76,96.0,2.373333333333333,31.266666666666666
France,2020,14.216666666666669,0.9066666666666666,33.696666666666665,4.366666666666666,401.32,1042.236666666667,2.9266666666666663,15.660000000000002,22.666666666666668,4.403333333333333,3.333333333333333,18.966666666666665,0.9466666666666668,48.85666666666666,12.453333333333331,88.33333333333333,2.81,46.876666666666665
France,2021,14.6,1.035,27.98,6.12,407.625,1009.465,2.57,16.47,24.0,1.95,7.5,39.63,2.58,58.17,32.715,112.0,2.3200000000000003,48.05
France,2022,13.81,0.55,33.73,7.81,408.54,793.56,3.35,18.1,16.0,3.09,12.0,25.04,3.1,76.53,20.06,190.0,2.13,51.96
France,2023,15.58,0.49,41.43,9.76,411.7,1715.04,3.01,15.92,33.0,3.77,7.0,57.88,1.4,65.33,45.02,188.0,1.81,42.18
France,2024,15.32,1.0,31.87,8.3,396.98,605.57,4.85,14.2,0.0,4.47,5.0,13.67,1.97,22.73,19.86,188.0,2.29,24.89
France,2025,15.35,1.105,32.85,2.095,404.375,828.965,4.119999999999999,15.965,36.5,3.395,13.5,32.355,1.93,55.81,22.72,93.5,1.975,17.605
Germany,1980,14.045,1.16,43.345,7.58,413.885,1148.97,3.28,18.66,29.0,1.195,2.5,50.56,1.59,52.22,11.61,126.0,2.69,77.475
Germany,1981,14.49,2.0166666666666666,36.45333333333333,8.143333333333333,395.2266666666667,1205.9233333333332,3.266666666666667,16.126666666666665,33.666666666666664,1.87,6.333333333333333,40.27666666666666,1.2133333333333334,62.22666666666667,11.9,94.33333333333331,2.21,53.82333333333333
Germany,1982,14.4925,1.4783333333333333,34.05916666666667,5.7091666666666665,416.6533333333333,1242.7516666666666,2.4883333333333333,16.07333333333333,32.83333333333333,2.83,6.666666666666666,44.67833333333333,1.3116666666666665,54.575833333333335,23.65,89.91666666666666,1.7175,74.39666666666666
Germany,1983,14.495,0.94,31.665,3.275,438.08,1279.58,1.71,16.02,32.0,3.79,7.0,49.08,1.41,46.925,35.4,85.5,1.225,94.97
Germany,1984,14.71,1.135,37.3875,7.314999999999999,391.1825,915.6625,3.1,16.345,39.25,2.33,5.75,39.2525,1.3125,42.9425,26.535000000000004,104.0,2.2275,44.465
Germany,1985,14.493333333333334,1.4533333333333334,35.14333333333334,7.819999999999999,407.91,1065.84,4.453333333333333,16.243333333333332,19.666666666666668,2.06,7.0,42.18,1.3666666666666665,26.773333333333337,27.92,112.66666666666669,2.303333333333333,80.12333333333333
Germany,1986,14.65,1.1133333333333333,36.10666666666666,5.183333333333334,399.72,1091.21,2.603333333333333,18.07,26.666666666666668,1.9,8.666666666666666,51.48333333333333,1.8733333333333333,78.20666666666666,26.49,135.0,2.3966666666666665,36.77
Germany,1987,14.356666666666667,1.36,34.76,7.546666666666667,428.95,953.3033333333332,3.2099999999999995,14.86,40.0,2.08,12.666666666666666,31.016666666666666,0.85,71.78,34.336666666666666,180.66666666666663,2.0033333333333334,53.13333333333333
Germany,1988,14.585,1.075,37.16,2.2924999999999995,431.495,855.39,4.032500000000001,16.1,21.5,3.415,9.25,45.915,2.1675000000000004,62.755,40.885,121.0,2.3175,45.8125
Germany,1989,14.43,0.85,43.11,13.28,410.52,878.34,3.04,18.09,10.0,4.56,12.0,67.78,2.26,70.38,7.77,46.0,2.64,12.57
Germany,1990,14.335,1.525,29.965,3.44,430.97,916.38,5.335,17.395000000000003,28.5,1.925,6.5,46.285,0.24,51.555,9.605,83.5,2.39,27.065
Germany,1991,14.51,1.1357142857142857,34.35142857142857,0.8714285714285713,429.9714285714286,1048.91,3.1514285714285712,16.234285714285715,20.714285714285715,1.8785714285714288,9.285714285714286,36.00571428571429,1.518571428571429,58.83428571428571,40.80285714285714,117.0,2.5485714285714285,48.81571428571429
Germany,1992,14.4,1.34,34.93666666666667,10.07,410.42333333333335,876.8466666666667,3.973333333333333,16.083333333333332,26.33333333333333,3.1933333333333334,11.0,38.18,1.55,72.38666666666667,13.51,96.33333333333331,2.38,32.903333333333336
Germany,1993,14.95,1.5466666666666666,31.883333333333336,2.94,437.2433333333333,894.0666666666666,3.986666666666667,16.419999999999998,43.333333333333336,1.1766666666666663,7.0,49.053333333333335,1.8433333333333333,59.85999999999999,38.440000000000005,178.66666666666666,1.84,49.99666666666667
Germany,1994,15.165,1.455,34.68,4.52,431.58,927.655,5.845,15.33,18.0,2.475,4.5,61.075,2.06,73.92,32.775,144.5,2.075,72.34
Germany,1995,14.645,1.2925,37.795,2.0,429.495,1040.9875000000002,5.21,15.8875,26.5,2.055,8.75,49.39,1.81,76.6625,31.6725,122.5,2.045,53.2475
Germany,1996,14.125,1.13,40.91,-0.5199999999999998,427.41,1154.3200000000002,4.575,16.445,35.0,1.6350000000000002,13.0,37.705,1.56,79.405,30.57,100.5,2.015,34.155
Germany,1997,14.46,0.445,33.77,1.265,384.015,974.2,3.745,17.15,52.0,0.875,5.0,41.025,1.275,51.495,30.055,104.0,2.285,31.545
Germany,1998,14.69,1.14,33.11,4.56,464.5,938.77,4.38,16.94,55.0,1.39,12.0,36.48,0.61,55.58,20.6,111.0,1.64,77.44
Germany,1999,13.81,1.6,28.8,5.58,400.31,845.27,2.22,17.61,51.0,2.98,5.0,24.76,0.53,80.3,45.81,54.0,2.57,56.32
Germany,2000,14.22,0.785,30.995,8.465,426.87,1021.57,4.315,17.555,54.5,2.725,9.0,20.700000000000003,3.27,38.775,57.725,133.5,1.7200000000000002,24.575000000000003
Germany,2001,14.395,1.21,35.595,0.935,414.49,590.5600000000001,2.905,14.845,24.5,3.855,4.0,59.515,1.41,55.205,15.705,196.5,1.55,11.215
Germany,2002,14.155,1.415,35.9,6.96,380.01,943.68,3.52,16.195,41.0,4.699999999999999,8.5,27.91,1.04,45.615,14.97,86.0,2.14,49.35
Germany,2003,14.157499999999999,1.3225,33.17,8.22,392.29999999999995,856.17,3.065,16.8325,42.0,3.3949999999999996,4.25,44.68000000000001,0.725,48.5775,18.580000000000002,140.5,2.0700000000000003,27.765
Germany,2004,14.16,1.23,30.44,9.48,404.59,768.66,2.61,17.47,43.0,2.09,0.0,61.45,0.41,51.54,22.19,195.0,2.0,6.18
Germany,2005,14.882,0.982,34.544,9.242,428.926,870.472,3.916,15.5,44.2,2.488,7.2,53.774,1.4,68.336,27.590000000000003,97.8,2.064,61.0
Germany,2006,14.85,1.8,33.02,7.39,394.01,1074.48,2.76,18.18,19.0,0.47,6.0,47.49,1.66,43.04,30.5,125.0,2.08,90.0
Germany,2007,14.953333333333331,1.3166666666666669,36.736666666666665,4.76,392.9433333333333,634.31,3.4766666666666666,15.670000000000002,33.333333333333336,2.1566666666666667,3.6666666666666665,33.06,2.0866666666666664,65.73666666666666,19.63,141.0,2.35,66.52333333333333
Germany,2008,14.465,0.82,35.055,4.37,428.575,824.105,3.73,15.915,28.0,2.345,1.0,43.73,0.7949999999999999,55.665,17.105,117.0,1.885,31.565
Germany,2009,14.528571428571428,1.0642857142857145,33.934285714285714,5.381428571428572,403.1014285714286,1067.1114285714286,3.2585714285714285,16.847142857142856,18.142857142857142,1.6285714285714286,7.571428571428571,47.30714285714286,1.3257142857142858,46.59285714285714,31.457142857142856,129.0,2.1728571428571426,56.59142857142857
Germany,2010,14.882,1.13,41.354,4.845999999999999,406.804,1027.612,3.628,16.322,9.4,1.7079999999999995,11.4,40.466,1.226,54.61,32.882,116.8,2.02,41.498000000000005
Germany,2011,15.09,1.2799999999999998,40.245000000000005,0.4950000000000001,393.9,978.625,4.15,15.105,26.0,3.64,8.0,36.33,1.555,87.495,23.29,112.0,2.5700000000000003,45.315
Germany,2012,15.15,1.4,34.75,9.72,413.81,1344.82,1.88,14.2,29.0,3.36,3.0,27.57,2.47,59.3,37.41,171.0,2.03,52.96
Germany,2013,14.38,1.44,40.18,-3.7,409.13,1426.77,2.97,15.35,55.0,4.55,14.0,35.95,2.88,41.44,5.31,196.0,1.51,39.77
Germany,2014,14.11,1.5166666666666666,32.18666666666667,7.81,403.23,1080.4366666666667,3.1666666666666665,15.716666666666669,7.333333333333333,2.706666666666667,4.666666666666667,30.19,2.06,50.26666666666667,25.06,182.66666666666663,2.7533333333333334,72.57666666666667
Germany,2015,14.81,1.375,35.54,4.29,405.7725,1012.9925,3.46,17.8375,11.75,2.7325,8.0,49.2,2.095,45.7675,23.3075,117.5,2.2425,34.36
Germany,2016,14.845,1.01,31.015,7.545,417.43,1585.29,2.88,16.175,17.5,1.86,6.5,59.095,1.87,52.54,34.435,192.5,2.035,18.54
Germany,2017,14.345,1.24,30.955,4.235,421.5750000000001,863.0699999999999,2.49,17.685000000000002,38.0,2.95,9.5,40.275,2.185,38.79,47.06999999999999,123.0,1.6800000000000002,25.625
Germany,2018,13.983333333333334,1.0333333333333334,33.99333333333333,6.919999999999999,396.56,897.5799999999999,3.3633333333333333,15.84666666666667,36.333333333333336,1.9566666666666668,7.333333333333333,53.02333333333333,2.0033333333333334,41.61,22.89,150.33333333333334,2.833333333333333,63.21
Germany,2019,14.55,0.99,32.01,1.68,427.58,1239.09,2.15,16.48,17.0,3.18,2.0,17.08,0.81,41.84,30.17,51.0,2.83,1.86
Germany,2020,14.545,1.0766666666666669,33.92,4.864999999999999,428.715,804.835,3.3683333333333336,15.575,33.0,1.6133333333333333,7.0,33.32666666666666,2.478333333333333,65.49333333333333,23.438333333333333,84.66666666666667,2.2583333333333333,39.41166666666667
Germany,2021,14.756666666666666,1.37,34.57666666666666,0.68,440.29,1085.0166666666669,3.856666666666667,15.589999999999998,32.333333333333336,4.6066666666666665,9.0,23.973333333333333,1.8766666666666667,59.18333333333334,24.653333333333336,115.0,2.016666666666667,37.42333333333334
Germany,2022,13.61,0.89,30.42,4.58,405.16,833.17,4.84,18.85,6.0,2.38,13.0,10.35,1.31,52.26,42.09,132.0,2.3,43.32
Germany,2023,13.81,1.11,39.785,2.015,428.58,898.72,3.42,16.005000000000003,29.5,2.05,6.0,30.435,2.26,74.375,16.21,177.0,2.735,28.82
Germany,2024,14.685,0.91,35.34,4.702500000000001,405.6375,1045.0175,3.125,16.6225,32.25,3.0925,2.0,38.33,2.37,59.7375,27.14,129.0,2.41,43.35
Germany,2025,14.65,1.5,26.06,7.69,406.43,910.09,3.49,14.19,46.0,4.99,6.0,58.93,0.83,38.38,48.88,131.0,1.79,6.96
India,1980,14.1825,1.02,38.8375,2.65,407.235,1202.8575,3.6975,17.0025,37.75,2.49,5.75,39.345,2.515,48.1775,18.08,107.75,2.64,47.7825
India,1981,14.5575,1.1124999999999998,39.465,1.33,418.0575,1029.4425,3.1425,16.245,28.25,2.16,7.25,46.655,1.7525,40.065,33.3225,84.5,2.28,57.2725
India,1982,14.65,1.6,33.46,4.43,408.02,857.79,1.6,15.71,1.0,2.44,12.0,51.91,1.47,66.15,57.67,183.0,2.52,83.49
India,1983,14.2525,1.335,37.795,6.2075,416.245,801.96,2.83,17.0525,45.75,2.6825,3.25,26.1425,1.0975,62.89,29.405,123.75,2.4025,44.4975
India,1984,13.829999999999998,1.26,29.403333333333336,4.486666666666667,387.6966666666667,1078.13,4.153333333333333,16.44666666666667,49.333333333333336,1.4,8.0,41.62,2.2133333333333334,49.49,16.836666666666666,127.33333333333331,2.28,54.79
India,1985,14.7725,0.9975,36.555,7.7225,429.585,1011.5175,2.6875,16.8925,11.25,2.335,8.25,40.9825,2.3575,39.15,30.3625,95.0,2.51,63.5875
India,1986,14.705,0.8300000000000001,32.44,6.3,420.27,1036.785,4.535,16.96,5.5,2.675,8.5,43.2,1.4449999999999998,62.4,6.83,72.0,2.3,89.29499999999999
India,1987,14.7,1.235,34.160000000000004,3.13,407.23,1350.675,2.58,17.455,29.0,2.725,8.0,34.35,2.1,46.575,23.185,53.5,2.375,51.945
India,1988,14.605,1.365,38.66,4.08,412.75,1089.265,3.99,15.89,34.0,2.085,6.5,15.89,1.025,81.11,35.16,61.0,2.375,41.8
India,1989,14.9,1.03,32.190000000000005,2.813333333333333,407.8133333333333,992.0133333333332,2.74,17.223333333333333,45.333333333333336,1.4799999999999998,6.0,27.06,1.64,47.23,47.75333333333333,98.33333333333331,2.8200000000000003,82.74666666666667
India,1990,13.835,1.0,30.29,6.12,400.715,1436.76,5.065,14.95,13.5,0.945,7.5,30.02,0.91,67.14,16.865,122.5,2.21,90.975
India,1991,14.8525,1.0925,35.635,4.5475,419.43,1068.7,3.11,15.865,34.0,3.0475000000000003,2.75,44.7925,1.055,49.67,32.83,118.25,2.3,56.205
India,1992,13.865,0.91,37.025,7.217500000000001,407.4725,800.2725,3.67,16.095,18.75,1.96,6.75,35.775,1.505,52.48,18.315,113.75,2.4425,66.2975
India,1993,14.079999999999998,1.2933333333333332,31.77333333333333,5.616666666666667,421.4633333333333,1085.66,3.4266666666666663,16.996666666666666,35.0,3.4000000000000004,1.6666666666666667,26.57,0.7966666666666667,62.19,37.21,100.33333333333331,2.08,38.47
India,1994,14.5125,1.4425,33.965,3.3200000000000003,406.125,811.64,3.6525,15.135,39.25,3.2275,4.5,33.7725,1.91,56.6325,41.815,151.0,2.285,13.275
India,1995,14.406666666666666,0.9933333333333332,34.17333333333334,5.236666666666667,425.5933333333333,766.4833333333332,3.453333333333333,16.823333333333334,21.0,1.2666666666666666,9.333333333333334,31.416666666666668,0.4266666666666667,56.423333333333325,28.58333333333333,113.66666666666669,2.3433333333333333,76.39999999999999
India,1996,14.78,1.4,30.825,0.76,410.745,887.18,3.665,17.265,35.0,3.325,5.0,29.795,2.84,35.5,38.05,113.0,1.645,62.35
India,1997,14.368333333333334,1.265,37.406666666666666,6.026666666666667,396.06166666666667,1088.055,3.5816666666666666,16.39,19.5,3.605,5.5,42.18333333333333,2.523333333333333,54.63666666666666,37.32833333333333,129.33333333333334,2.17,55.653333333333336
India,1998,14.875,1.205,35.665,8.68,422.695,955.995,3.25,15.835,32.5,2.915,5.0,46.26,0.895,49.78,25.6,148.0,2.335,46.985
India,1999,14.95,0.9,35.355000000000004,-1.945,432.53,1028.17,3.41,14.75,12.0,3.055,6.5,55.595,2.845,37.395,38.555,166.0,2.49,83.13499999999999
India,2000,14.1,1.38,41.22,-1.48,407.31,811.96,2.8,16.24,31.0,2.69,7.0,28.4,0.3,71.66,34.86,105.0,2.05,73.09
India,2001,14.21,1.27,37.394999999999996,3.2150000000000003,410.96500000000003,1093.25,4.625,16.994999999999997,34.0,2.81,6.0,38.5,1.435,55.459999999999994,28.985,87.0,2.29,67.7
India,2002,14.32,1.16,33.57,7.91,414.62,1374.54,6.45,17.75,37.0,2.93,5.0,48.6,2.57,39.26,23.11,69.0,2.53,62.31
India,2003,15.11,0.93,34.47,4.09,423.99,1193.13,2.6,15.11,22.0,4.46,11.0,24.09,1.91,34.03,25.18,92.0,2.03,21.02
India,2004,14.685,1.73,38.645,4.47,429.755,807.865,3.915,17.185,31.0,3.385,6.0,55.065,1.5,57.795,25.23,84.0,2.84,42.695
India,2005,14.543333333333337,0.61,37.47,4.083333333333333,416.32,1310.2733333333333,4.3566666666666665,15.956666666666663,49.0,2.536666666666666,6.0,37.92333333333334,1.096666666666667,82.89,47.54,92.33333333333331,2.223333333333333,34.36
India,2006,14.626666666666669,0.85,37.98666666666667,4.58,443.3733333333333,945.0,3.643333333333333,16.89333333333333,33.333333333333336,2.986666666666667,3.0,58.25,2.4966666666666666,54.47666666666667,33.38666666666666,121.33333333333331,1.93,62.17
India,2007,13.6,1.3,47.07,-2.21,418.52,1282.72,4.27,15.23,46.0,4.94,13.0,65.05,1.12,53.92,52.42,143.0,1.59,3.42
India,2008,14.355714285714283,1.1014285714285714,35.529999999999994,3.441428571428571,409.91,955.2728571428572,2.922857142857143,15.974285714285712,30.142857142857142,2.3857142857142857,8.714285714285714,36.431428571428576,1.4857142857142858,58.96,29.54,109.71428571428572,2.001428571428572,63.16857142857143
India,2009,15.226666666666668,1.29,36.62,3.673333333333333,413.88000000000005,980.76,2.9966666666666666,16.593333333333334,24.666666666666668,0.9833333333333334,6.0,53.330000000000005,0.5766666666666667,56.49333333333334,31.766666666666666,77.66666666666667,1.9533333333333327,71.28666666666668
India,2010,14.06,1.07,38.82,7.45,486.53,1030.14,1.95,16.92,50.0,1.62,0.0,68.36,3.24,62.95,11.29,182.0,2.2,11.32
India,2011,14.506666666666668,1.0433333333333332,28.73333333333333,4.96,412.0333333333333,1129.513333333333,3.9133333333333336,15.09666666666667,40.66666666666666,1.89,3.333333333333333,40.16666666666666,2.856666666666667,57.586666666666666,34.99,156.0,2.3833333333333333,37.403333333333336
India,2012,13.846666666666666,1.0633333333333332,33.163333333333334,5.053333333333334,424.8033333333333,1204.74,4.09,16.996666666666666,32.0,2.65,6.0,62.15,1.6166666666666665,56.43666666666667,45.306666666666665,176.33333333333334,2.4566666666666666,58.12
India,2013,14.59,1.23,35.05,5.21,463.6,1257.14,2.88,19.19,18.0,0.17,6.0,25.58,2.8,53.89,8.77,58.0,2.75,49.44
India,2014,14.246666666666668,1.4766666666666666,34.50666666666667,3.4933333333333327,446.7633333333333,1226.3266666666666,3.373333333333333,17.566666666666666,13.333333333333334,2.09,5.666666666666667,43.26333333333333,1.5566666666666666,62.583333333333336,37.70333333333333,73.66666666666667,2.57,79.40333333333334
India,2015,14.01,0.8975,29.255,2.9725,397.705,703.65,3.4475,16.145,40.25,1.6875,3.0,25.205,1.635,39.635000000000005,33.045,86.5,1.94,52.7475
India,2016,14.083333333333334,1.1233333333333333,35.35333333333333,-0.0533333333333333,415.9066666666667,712.9866666666667,2.9599999999999995,18.89333333333333,21.0,4.096666666666667,7.0,40.39,2.3633333333333333,56.43,30.22666666666667,95.66666666666669,2.433333333333333,71.38666666666667
India,2017,13.73,1.11,29.88,5.76,387.03,1430.32,1.97,16.62,0.0,0.24,9.0,41.33,1.85,61.64,35.77,171.0,2.53,32.61
India,2018,14.86,1.0619999999999998,35.462,8.118,407.206,991.678,3.662,16.292,21.8,3.638,7.0,39.54600000000001,1.918,58.904,29.85,135.6,2.306,61.084
India,2019,15.086666666666666,0.9866666666666668,28.68,10.143333333333333,420.7366666666667,1196.98,4.93,17.790000000000003,32.666666666666664,3.59,8.0,48.60333333333333,1.28,54.306666666666665,24.30666666666667,92.0,2.25,42.09333333333333
India,2020,15.028333333333332,1.0083333333333333,30.2825,7.429166666666666,407.8858333333334,1092.53,4.715,16.05,27.833333333333332,2.4175,10.25,43.56666666666666,1.685,44.123333333333335,36.115833333333335,109.0,1.88,39.99916666666667
India,2021,14.97,1.03,31.885,4.715,395.035,988.08,4.5,14.31,23.0,1.245,12.5,38.53,2.09,33.94,47.925,126.0,1.51,37.905
India,2022,15.09,0.865,37.045,1.38,442.485,590.9399999999999,2.43,16.19,43.0,4.125,12.5,41.45,1.7999999999999998,36.325,20.02,64.5,2.095,49.53
India,2023,14.915,0.9375,35.4125,9.370000000000001,427.0575,523.73,3.285,14.535,34.0,2.5075000000000003,13.25,46.685,1.81,42.447500000000005,16.240000000000002,104.25,2.3325,72.595
India,2024,14.74,1.01,33.78,17.36,411.63,456.52,4.14,12.88,25.0,0.89,14.0,51.92,1.82,48.57,12.46,144.0,2.57,95.66
India,2025,14.235,1.02,35.99,6.315,441.39,606.175,3.325,16.715,38.5,3.06,10.0,46.5,2.3,46.985,44.595,67.5,2.1100000000000003,40.73
Pakistan,1980,14.18,1.035,37.915,8.065,412.43,937.775,2.3200000000000003,16.555,24.5,2.665,7.0,31.12,1.16,35.195,53.790000000000006,103.5,2.225,54.39
Pakistan,1981,14.405000000000001,1.1675,36.2825,9.0775,414.84166666666664,997.0008333333333,3.5716666666666668,16.612499999999997,25.083333333333336,2.5108333333333333,7.0,34.910000000000004,1.35,44.7025,45.20166666666667,115.75,2.3425000000000002,39.36833333333333
Pakistan,1982,14.63,1.3,34.65,10.090000000000002,417.2533333333333,1056.2266666666667,4.823333333333333,16.669999999999998,25.666666666666668,2.3566666666666665,7.0,38.7,1.54,54.21,36.61333333333334,128.0,2.46,24.346666666666668
Pakistan,1983,14.093333333333334,1.2366666666666666,33.84,2.1266666666666665,410.19,1151.79,3.3866666666666667,16.349999999999998,9.666666666666666,2.1966666666666668,5.333333333333333,40.05,2.49,49.92666666666667,28.6,57.333333333333336,1.98,48.92333333333334
Pakistan,1984,14.655,0.9625,31.645,4.9,414.8825,888.0675,3.455,15.892499999999998,18.75,1.275,7.0,26.82,1.9575,55.29,27.0975,88.75,2.3625,70.67
Pakistan,1985,14.456666666666663,1.2133333333333334,34.95,5.1466666666666665,385.7133333333333,1088.95,4.0633333333333335,18.19,32.0,1.9166666666666667,3.6666666666666665,31.516666666666666,2.493333333333333,64.90333333333332,44.85999999999999,99.33333333333331,2.293333333333333,70.16000000000001
Pakistan,1986,14.42,1.38,28.08,5.12,388.59,703.38,3.2,16.73,53.0,1.85,0.0,24.53,2.47,51.95,51.73,55.0,1.73,50.68
Pakistan,1987,14.13,1.1,30.58,6.25,432.27,1167.25,4.07,19.79,19.0,2.54,12.0,22.89,2.33,30.98,34.52,127.0,2.49,56.86
Pakistan,1988,14.14,0.83,28.92,12.8,415.49,1153.52,2.92,16.03,47.0,1.16,6.0,34.02,3.21,46.02,39.38,156.0,2.94,48.81
Pakistan,1989,13.653333333333334,0.9366666666666666,34.153333333333336,2.65,403.7466666666666,1027.57,2.28,16.986666666666668,17.0,2.5733333333333337,7.0,33.35666666666666,1.5133333333333334,52.46,25.02,94.0,2.49,40.85666666666666
Pakistan,1990,14.49,0.86,38.53,9.45,451.325,680.06,4.09,15.29,35.0,2.765,8.5,46.97,2.37,37.2,29.075000000000003,140.0,2.28,76.82
Pakistan,1991,14.175,0.6699999999999999,31.94,2.045,393.28,708.245,3.375,16.18,30.5,2.725,5.0,36.96,0.91,50.57,11.385,86.5,1.785,51.77
Pakistan,1992,14.635,0.975,33.03,5.025,435.995,999.845,5.550000000000001,16.87,22.0,1.235,9.5,38.825,1.55,64.25,18.385,72.5,2.2350000000000003,32.26
Pakistan,1993,14.823333333333332,1.14,35.74666666666667,6.806666666666668,438.97333333333336,853.4699999999999,4.613333333333333,15.903333333333334,32.666666666666664,3.62,5.0,47.32666666666666,1.22,52.94,42.97666666666667,124.0,2.106666666666667,35.93333333333334
Pakistan,1994,14.39,1.3233333333333333,34.25333333333334,2.4766666666666666,437.8233333333333,1249.6966666666667,5.13,14.836666666666668,20.33333333333333,2.853333333333333,5.666666666666667,49.53333333333333,1.28,66.35333333333334,36.1,149.66666666666666,1.7066666666666668,45.09666666666667
Pakistan,1995,14.875,0.93,33.4475,3.085,402.3125,911.89,4.0825,17.0825,32.25,0.9875,1.25,37.74,2.415,50.615,33.695,123.75,1.995,32.825
Pakistan,1996,14.81,0.97,42.865,4.12,392.33,754.675,3.065,16.490000000000002,48.0,3.0,4.0,61.515,2.705,28.87,36.585,108.0,1.64,74.35499999999999
Pakistan,1997,14.99,1.55,31.28,3.21,441.43,1220.82,4.49,15.93,36.0,1.04,10.0,60.14,0.21,31.68,41.97,188.0,1.69,36.1
Pakistan,1998,15.07,0.545,31.185,2.4849999999999994,416.59,1181.125,4.08,16.74,20.0,1.115,10.5,65.685,2.215,61.825,34.525000000000006,74.0,2.935,70.19
Pakistan,1999,14.265,1.37,33.355000000000004,6.970000000000001,428.95,1165.8249999999998,4.425,14.545,52.5,3.035,5.0,42.925,1.63,48.06,30.485,110.0,2.15,83.91
Pakistan,2000,14.215,1.0075,36.6375,5.75,441.23,1098.5025,3.91,15.502500000000001,40.75,2.6625,4.5,35.885,2.2625,48.2375,37.4025,144.75,2.2874999999999996,55.0975
Pakistan,2001,14.165,0.645,39.92,4.53,453.51,1031.18,3.395,16.46,29.0,2.29,4.0,28.845,2.895,48.415,44.32,179.5,2.425,26.285
Pakistan,2002,14.78,1.345,44.5,3.24,396.155,1139.7199999999998,3.42,16.225,30.0,2.69,6.5,50.52,1.77,58.845,30.62,97.0,1.92,38.39
Pakistan,2003,14.486428571428569,1.2389285714285714,38.846428571428575,4.005000000000001,399.89678571428567,1032.235,3.0942857142857143,15.778214285714288,34.92857142857142,2.486428571428571,5.821428571428571,44.1,1.6964285714285714,57.36107142857143,32.45142857142857,112.0,2.0428571428571427,52.31285714285714
Pakistan,2004,14.19285714285714,1.1328571428571428,33.19285714285714,4.7700000000000005,403.6385714285714,924.75,2.768571428571429,15.331428571428573,39.85714285714285,2.282857142857143,5.142857142857143,37.68,1.6228571428571428,55.87714285714286,34.28285714285715,127.0,2.165714285714286,66.23571428571428
Pakistan,2005,14.341,1.348,32.675,3.604,416.671,975.468,3.564,16.624000000000002,23.3,2.2510000000000003,8.0,38.067,1.3370000000000002,47.715,28.343,153.1,2.258,44.85
Pakistan,2006,14.89,0.64,40.0,1.14,428.78,631.29,4.26,15.62,31.0,2.28,1.0,34.6,1.14,48.4,28.82,170.0,2.12,20.0
Pakistan,2007,14.926666666666668,1.4233333333333331,32.28666666666667,-0.2,415.41333333333336,1146.1966666666665,3.4766666666666666,16.103333333333335,35.0,2.033333333333333,9.0,31.39,2.306666666666666,45.70333333333334,24.77333333333333,104.0,2.65,8.953333333333333
Pakistan,2008,14.46,1.09,33.776666666666664,6.466666666666666,383.6166666666666,632.4699999999999,3.986666666666667,17.433333333333334,15.333333333333334,2.4133333333333336,5.0,40.36,0.9333333333333332,63.71,46.22333333333333,117.0,2.1266666666666665,53.24
Pakistan,2009,14.4775,1.27,33.995,6.775,431.665,1030.7525,3.5575,17.1725,32.75,1.845,8.5,39.99,0.7775000000000001,67.5825,31.8725,86.5,1.9875,47.375
Pakistan,2010,15.03,1.35,34.83,5.62,403.43,1103.935,3.005,18.5,21.5,2.49,12.5,53.135000000000005,1.185,50.39,52.555,120.5,2.68,74.72
Pakistan,2011,14.047142857142855,1.0471428571428572,34.27571428571429,5.064285714285715,396.6885714285714,929.7471428571428,3.375714285714285,16.44857142857143,30.714285714285715,1.5957142857142856,4.428571428571429,24.00714285714286,2.4585714285714286,33.462857142857146,36.52,115.57142857142856,2.0085714285714285,49.27571428571428
Pakistan,2012,14.13,0.8799999999999999,42.36333333333334,4.046666666666667,434.0733333333333,936.2133333333333,3.1933333333333334,16.28,47.66666666666666,2.1366666666666667,9.666666666666666,40.96333333333333,2.026666666666667,43.98,28.22333333333333,143.33333333333334,2.4033333333333333,72.31666666666666
Pakistan,2013,14.91,1.045,35.26166666666667,4.498333333333333,426.12666666666667,990.5766666666666,2.5416666666666665,16.35,39.33333333333333,2.0883333333333334,6.333333333333333,47.35166666666667,1.2333333333333334,66.24,17.761666666666663,123.16666666666667,2.3666666666666667,72.41333333333333
Pakistan,2014,15.69,1.21,28.16,4.95,418.18,1044.94,1.89,16.42,31.0,2.04,3.0,53.74,0.44,88.5,7.3,103.0,2.33,72.51
Pakistan,2015,14.845,0.995,35.94,5.145,403.305,807.245,4.404999999999999,17.58,20.0,1.08,5.5,64.46000000000001,1.62,61.96,53.045,124.0,1.93,35.08
Pakistan,2016,14.63,0.785,33.6825,4.5725,404.3425,1029.465,3.2375,15.2575,26.0,2.3275,8.0,37.650000000000006,2.645,57.715,34.075,139.5,2.49,38.945
Pakistan,2017,14.92,1.21,34.07,4.005,408.855,1154.965,3.205,16.22,43.0,4.325,1.5,38.65,0.485,69.92999999999999,39.925,137.0,2.4850000000000003,17.15
Pakistan,2018,13.335,0.925,35.209999999999994,3.29,458.62,1168.405,3.59,15.345,42.5,2.635,8.5,41.445,0.42,69.63,18.195,76.5,2.6900000000000004,50.475
Pakistan,2019,13.963333333333331,1.106666666666667,33.10666666666666,5.733333333333333,423.1666666666667,1021.2933333333334,2.81,17.86,19.666666666666668,3.3466666666666662,7.666666666666667,24.680000000000003,2.08,80.23,18.316666666666663,150.66666666666666,1.74,77.56333333333333
Pakistan,2020,14.95,1.545,32.08,11.875,395.085,889.69,3.995,16.18,47.5,3.6,7.0,26.665,0.975,35.989999999999995,28.65,109.5,1.66,17.46
Pakistan,2021,14.61,1.08,34.20666666666667,2.466666666666667,395.0333333333333,979.2000000000002,2.4466666666666668,15.816666666666665,34.666666666666664,2.9066666666666667,3.333333333333333,34.63,1.2,34.233333333333334,32.97666666666667,143.0,2.1300000000000003,45.36333333333334
Pakistan,2022,14.165,0.985,35.855,0.845,429.08,1105.4299999999998,1.4300000000000002,16.41,4.0,2.905,1.0,29.91,1.245,42.67,25.49,126.5,2.03,34.06
Pakistan,2023,14.93,1.13,32.85,-2.63,398.99,1350.51,3.78,18.57,56.0,0.33,13.0,14.48,1.48,29.41,58.89,142.0,2.65,77.45
Pakistan,2024,14.170000000000002,1.07,38.975,5.890000000000001,404.88,1203.67,1.025,15.55,40.5,4.775,5.0,28.995,0.8099999999999999,56.22,37.635,121.5,2.66,50.955
Pakistan,2025,14.82,1.565,27.49,7.550000000000001,435.34,1345.16,3.845,17.700000000000003,39.0,2.065,5.0,33.335,1.3050000000000002,48.895,24.16,125.5,2.17,44.01
UK,1980,14.435,1.4,36.495000000000005,3.61,408.78,1060.505,2.9800000000000004,16.535,39.0,2.745,5.5,28.36,0.8500000000000001,34.475,22.6,139.5,2.13,85.245
UK,1981,15.42,1.26,35.28,7.24,464.19,251.69,2.13,15.99,5.0,3.99,13.0,19.46,2.76,64.51,12.09,103.0,1.4,83.67
UK,1982,14.75,1.024,35.226,4.38,412.658,759.246,3.348,16.28,25.2,2.388,7.4,30.836,2.342,64.104,24.018,148.8,2.248,54.38
UK,1983,14.715,1.615,34.265,4.645,405.605,1043.845,3.92,16.310000000000002,37.0,2.045,3.0,65.28,2.745,56.94,39.17,121.5,2.425,86.895
UK,1984,14.05,1.38,34.58,5.21,405.7,1090.3033333333333,3.276666666666667,16.716666666666665,45.0,0.7799999999999999,6.333333333333333,33.43333333333334,1.4833333333333334,39.43333333333333,40.873333333333335,95.0,1.9166666666666667,38.083333333333336
UK,1985,14.776666666666666,0.93,37.81666666666667,1.696666666666667,395.47,928.9566666666666,3.526666666666667,15.586666666666666,40.66666666666666,2.856666666666667,8.333333333333334,51.403333333333336,1.62,61.49000000000001,35.46666666666667,163.0,2.64,63.74
UK,1986,14.755,0.8800000000000001,36.59,3.235,406.485,622.005,1.7999999999999998,14.39,50.5,3.47,8.5,58.315,1.07,55.735,31.315,60.5,2.13,49.89
UK,1987,13.52,1.695,38.915,5.26,427.45,1267.28,2.45,15.925,23.5,4.325,4.0,31.5,2.285,45.75,24.385,105.0,1.935,88.985
UK,1988,14.16,1.2525,35.345,6.9275,406.3275,1036.625,3.9875,17.725,33.5,3.185,7.75,30.845,2.065,70.95,21.130000000000003,110.75,2.505,60.1475
UK,1989,14.66,0.38,32.12,6.23,392.04,838.18,3.11,17.59,53.0,0.76,9.0,19.84,2.19,66.21,58.77,87.0,3.37,82.86
UK,1990,14.21,0.915,33.4825,3.7925,411.65,697.1624999999999,3.785,17.34,29.5,2.5975,6.25,27.32,0.8200000000000001,55.81,30.6175,119.75,2.295,37.375
UK,1991,14.025,1.075,39.04,1.06,356.755,1249.38,4.1450000000000005,17.95,38.5,2.655,1.5,39.025,1.845,36.425,30.73,99.0,2.15,57.23
UK,1992,15.2,1.1475,34.9225,6.16,411.9925,960.34,2.4225000000000003,16.055,23.0,2.4575,7.25,30.06,1.25,64.7375,31.8775,132.25,2.145,75.5675
UK,1993,14.94,1.005,33.114999999999995,6.43,421.965,650.175,2.665,16.395,40.0,4.465,7.0,27.545,1.035,62.145,28.805,122.0,2.23,42.815
UK,1994,14.99,0.74,31.7,3.38,405.55,1760.0,2.36,18.05,36.0,4.02,10.0,39.2,1.84,75.84,40.13,61.0,1.86,44.88
UK,1995,14.21,1.015,38.45,2.56,434.455,835.595,3.135,15.29,28.0,2.01,9.5,40.895,1.505,65.935,32.82,131.5,2.685,84.185
UK,1996,14.43,1.146,36.45,6.614,425.692,919.056,3.808,16.534,25.6,2.78,7.8,43.536,1.282,45.642,32.52,115.2,2.072,32.84
UK,1997,14.5,0.95,33.24333333333333,0.9666666666666668,415.67333333333335,1095.08,4.29,16.30666666666667,23.0,3.2099999999999995,3.333333333333333,23.38,2.21,65.47333333333334,22.146666666666665,115.33333333333331,2.216666666666667,54.36666666666667
UK,1998,14.52,0.605,39.870000000000005,1.355,375.275,1022.5,3.41,15.25,40.0,3.2,6.5,40.055,1.015,53.105,27.32,114.5,1.75,44.30500000000001
UK,1999,14.2575,1.465,37.2675,8.49,424.8325,1100.355,3.595,15.1075,32.75,2.2825,7.5,41.06,1.0725,52.375,32.78,91.5,2.3125,57.5325
UK,2000,14.69,0.9675,35.02,1.835,416.815,895.385,3.5525,16.6675,36.75,1.98,6.25,41.755,1.785,61.5075,33.21,116.25,2.2875,65.77250000000001
UK,2001,14.83,0.9604166666666667,36.763333333333335,4.734166666666667,423.9125,1005.0625,3.8095833333333333,17.24875,30.375,2.345,7.458333333333333,45.08916666666667,2.055833333333333,56.235416666666666,30.678333333333335,112.95833333333334,2.5404166666666663,52.61625000000001
UK,2002,14.97,0.9533333333333333,38.50666666666667,7.633333333333334,431.01,1114.74,4.066666666666666,17.83,24.0,2.7100000000000004,8.666666666666666,48.42333333333334,2.3266666666666667,50.96333333333333,28.146666666666665,109.66666666666669,2.793333333333333,39.46
UK,2003,14.82,1.51,36.35,5.33,430.855,590.325,3.3200000000000003,16.4,37.0,3.465,7.0,23.565,2.425,66.845,48.05,135.5,2.19,75.075
UK,2004,14.8525,1.2075,37.18,5.205,405.745,753.995,2.9575,16.595,42.75,3.765,4.0,39.84,1.17,43.01,31.36,131.75,2.3025,47.24
UK,2005,14.86,1.12,33.425,3.23,425.765,1141.47,3.835,14.835,26.5,4.145,4.5,52.67,0.61,60.55,11.095,94.5,2.465,4.995
UK,2006,14.36,1.532,33.584,7.417999999999999,418.466,1036.872,3.14,16.872,23.6,2.778,7.0,51.184,2.18,58.86600000000001,42.286,116.4,1.754,49.852
UK,2007,14.32,1.15,36.2875,5.390000000000001,413.4575,1071.3525,2.5975,14.9925,33.0,1.3825,8.25,46.495,1.4225,61.72,30.81,124.75,2.37,44.745
UK,2008,15.089999999999998,1.3433333333333335,34.620000000000005,4.37,421.6499999999999,735.4499999999999,3.98,16.55333333333333,33.666666666666664,1.7466666666666668,7.0,25.486666666666665,1.65,67.80666666666666,34.02,84.66666666666667,1.95,71.23
UK,2009,13.86,1.0,32.73,9.025,411.925,863.4599999999999,3.625,16.83,27.0,4.315,7.0,29.73,0.14,49.915,18.880000000000003,128.5,2.155,62.995
UK,2010,14.32,1.08125,35.61125,6.79125,404.9575,752.04,3.6075,17.107499999999998,27.625,3.21375,7.75,28.58125,0.7675,57.23375,24.71875,126.125,2.0725,58.3375
UK,2011,14.78,1.1625,38.4925,4.5575,397.99,640.62,3.5900000000000003,17.384999999999998,28.25,2.1125,8.5,27.4325,1.395,64.5525,30.5575,123.75,1.99,53.68
UK,2012,14.694,1.012,35.486000000000004,5.2780000000000005,420.414,1194.24,4.204,16.404000000000003,35.4,2.346,6.2,42.284000000000006,1.8060000000000005,54.914,32.784,141.4,2.166,49.952
UK,2013,14.333333333333334,1.01,36.21666666666667,1.2333333333333334,394.79,1031.6833333333334,2.4133333333333336,14.48,25.0,3.533333333333333,9.333333333333334,42.13666666666666,2.063333333333333,55.06,30.433333333333334,128.0,1.6566666666666665,21.82333333333333
UK,2014,14.335,1.06,35.315,6.355,431.785,1105.235,3.22,15.995,30.5,2.84,7.0,51.95,1.8,49.13,52.975,114.0,1.93,60.435
UK,2015,14.836666666666666,0.9933333333333332,34.55,2.49,398.4166666666667,720.11,3.0766666666666667,17.403333333333332,21.0,1.3966666666666665,9.333333333333334,37.71666666666666,1.38,65.88333333333333,25.86,119.66666666666669,2.2666666666666666,31.686666666666667
UK,2016,15.06,1.05,35.84,4.3933333333333335,421.29333333333335,1127.49,4.0633333333333335,18.52,29.0,3.6466666666666665,4.333333333333333,34.29,1.4633333333333336,70.3,20.67,76.0,2.123333333333333,66.88333333333333
UK,2017,14.483333333333334,1.2233333333333334,38.59666666666666,1.7366666666666666,445.39,884.0866666666667,4.28,14.776666666666666,24.666666666666668,1.7700000000000002,10.0,54.96,3.083333333333333,56.50666666666666,22.320000000000004,107.66666666666669,2.0866666666666664,39.64
UK,2018,13.88,1.52,29.69,8.67,359.28,1060.34,2.97,19.21,2.0,1.94,1.0,32.09,3.17,84.7,9.55,132.0,2.13,94.65
UK,2019,13.873333333333337,1.2733333333333334,31.75,5.37,431.19666666666666,775.7266666666666,2.736666666666667,16.726666666666667,40.0,1.9,8.333333333333334,59.63,2.0733333333333337,45.39666666666667,31.37333333333333,119.0,2.1066666666666665,47.45666666666667
UK,2020,15.47,0.79,28.49,9.875,405.8200000000001,1254.76,3.71,16.455,12.5,2.795,8.5,57.49,1.625,58.64,17.9,137.0,2.835,39.74
UK,2021,14.37,1.225,35.315,4.365,449.005,1260.955,1.67,16.36,25.5,1.425,5.5,61.615,2.9000000000000004,76.07,46.865,116.5,1.765,38.87
UK,2022,14.09,1.585,41.735,-2.745,379.84,1070.81,3.475,17.665,30.0,3.19,9.5,26.395,2.315,28.805,39.650000000000006,182.0,2.14,33.365
UK,2023,14.225,1.595,37.52,3.57,416.7775,854.865,3.0925,16.8875,36.75,3.015,2.75,34.195,0.895,39.5775,32.7975,103.5,2.3175,30.8525
UK,2024,14.73,0.725,33.6475,2.7375,399.07,948.2875,3.0075,16.9075,33.0,1.8625,8.75,40.595,2.26,62.39,31.545,123.25,2.18,52.325
UK,2025,14.676666666666668,0.9,33.906666666666666,2.2133333333333334,419.3966666666667,1105.3466666666666,3.3966666666666665,15.68,40.333333333333336,2.16,4.333333333333333,51.22666666666667,1.8833333333333333,51.79333333333333,32.916666666666664,136.33333333333334,2.16,58.09666666666666
USA,1980,14.42625,1.0125,33.165,4.53,425.1375,1092.76375,3.89,16.13125,39.375,2.33375,6.625,43.25125,1.8825,41.95125,38.59875,138.25,2.07625,57.34625
USA,1981,14.746666666666668,0.7333333333333334,33.20666666666667,3.1366666666666667,394.0233333333333,846.0033333333334,3.3366666666666664,15.69,34.333333333333336,1.53,9.0,33.669999999999995,1.4566666666666668,81.24666666666667,19.813333333333333,95.33333333333331,2.306666666666666,46.48333333333333
USA,1982,14.236666666666666,1.03,38.76333333333333,4.316666666666666,416.97,1176.4033333333334,4.243333333333333,15.170000000000002,20.666666666666668,1.5766666666666669,2.6666666666666665,17.406666666666666,2.1366666666666667,68.7,31.56,109.33333333333331,1.8200000000000005,29.98
USA,1983,13.55,1.58,34.54,13.37,444.41,1234.81,3.25,18.8,24.0,2.14,7.0,39.71,2.6,56.74,33.67,191.0,2.6,94.9
USA,1984,14.813999999999998,0.708,34.576,6.284000000000001,399.348,1196.546,3.116,17.056,36.8,3.5620000000000003,7.4,29.158,2.018,47.876,33.946000000000005,119.6,2.112,58.370000000000005
USA,1985,14.13,1.41,37.08,-0.37,395.63,1202.73,2.71,14.96,21.0,4.75,3.0,47.22,3.2,46.5,29.75,164.0,2.36,59.88
USA,1986,14.683333333333335,1.12,36.11333333333334,5.493333333333333,421.6166666666666,595.12,3.853333333333333,16.16333333333333,20.0,2.5933333333333333,8.0,33.233333333333334,1.7033333333333331,30.786666666666665,22.536666666666665,148.0,2.4533333333333336,42.446666666666665
USA,1987,14.535,0.91,33.655,1.79,402.195,1007.57,3.795,16.035,22.0,0.9,10.5,31.46,2.28,47.55,37.475,158.0,2.585,41.085
USA,1988,14.406666666666666,1.4333333333333331,32.13333333333333,4.32,399.1933333333333,1208.04,2.8866666666666667,16.34,21.0,3.08,9.0,28.85666666666667,1.6666666666666667,58.223333333333336,35.92666666666667,147.33333333333334,1.7,53.99666666666667
USA,1989,14.46,0.895,33.965,4.37,465.165,1273.61,3.005,18.130000000000003,20.0,2.6,8.0,45.775,1.075,71.735,36.28,104.0,1.905,42.78
USA,1990,14.338333333333331,1.2866666666666666,34.715,3.083333333333333,407.83166666666665,1068.5166666666669,3.8816666666666655,16.118333333333336,34.333333333333336,2.83,9.333333333333334,41.96666666666667,1.725,53.75666666666667,26.886666666666667,109.5,2.1733333333333333,35.75333333333333
USA,1991,14.311666666666666,1.3358333333333334,35.675,3.131666666666667,403.31333333333333,992.1558333333335,3.4208333333333325,16.071666666666665,31.666666666666668,2.5475000000000003,7.916666666666667,31.368333333333332,1.895,53.16833333333334,36.778333333333336,91.0,1.8866666666666667,48.55166666666666
USA,1992,14.285,1.385,36.635,3.18,398.795,915.795,2.96,16.025,29.0,2.265,6.5,20.77,2.065,52.58,46.67,72.5,1.6,61.35
USA,1993,14.015,1.4500000000000002,36.96,3.01,419.885,985.8,4.3100000000000005,16.37,25.0,2.07,6.5,41.06,0.6950000000000001,74.285,49.5,114.0,2.015,65.455
USA,1994,14.445,1.225,35.510000000000005,1.0700000000000005,449.715,1145.355,1.84,16.075,24.5,1.98,7.5,29.895,1.29,82.5,34.435,136.0,2.38,47.620000000000005
USA,1995,14.285,1.455,34.685,8.06,415.055,1102.73,3.555,14.42,35.5,0.9,5.0,37.64,3.0700000000000003,41.5,39.53,135.0,1.745,69.92999999999999
USA,1996,14.5075,0.99,39.91,2.275,413.54,985.2775,3.795,16.665,14.25,3.2875,6.75,27.07,1.52,32.2825,27.2525,113.25,2.09,59.0125
USA,1997,14.7,0.64,28.11,6.09,429.72,1017.0,3.29,17.35,40.0,3.48,14.0,54.96,1.69,28.18,28.33,103.0,1.23,1.11
USA,1998,14.675,1.31,38.635,5.52,444.905,918.56,2.3150000000000004,16.905,14.5,2.735,3.0,31.76,1.29,37.94,29.275,152.5,1.955,38.135000000000005
USA,1999,14.075,0.99,30.41,6.645,406.735,799.97,4.07,15.895,35.0,2.84,8.5,38.91,1.3050000000000002,38.785,33.94,135.0,1.805,75.45
USA,2000,14.59,1.22,31.6,9.53,389.64,801.99,3.2,19.89,38.0,2.55,6.0,57.32,0.94,45.5,59.38,194.0,1.61,26.53
USA,2001,14.33,0.74,40.17,5.78,451.25,820.78,2.29,17.12,12.0,2.49,3.0,42.58,1.47,66.27,43.65,97.0,2.64,16.1
USA,2002,13.96,1.07,34.2,13.71,439.23,835.23,1.84,17.02,30.0,4.33,7.0,46.39,1.75,64.4,41.41,128.0,2.2,78.96
USA,2003,14.19,1.16,37.60857142857143,10.845714285714283,421.54285714285714,1036.67,3.825714285714286,15.962857142857144,37.285714285714285,2.4442857142857144,6.571428571428571,38.285714285714285,1.502857142857143,54.121428571428574,27.865714285714287,128.85714285714286,2.125714285714286,51.82714285714285
USA,2004,14.945,1.045,35.09,7.1,400.335,681.575,3.43,16.22,35.0,1.505,4.0,56.4,1.39,51.075,51.71,143.0,2.885,41.155
USA,2005,14.896666666666668,1.163333333333333,37.126666666666665,7.906666666666666,412.83,960.2666666666664,2.853333333333333,14.806666666666668,34.0,2.89,6.0,32.86,1.7433333333333334,64.35333333333334,25.58666666666667,169.0,2.1133333333333333,75.67
USA,2006,14.483333333333334,0.8333333333333334,31.71666666666667,6.3133333333333335,412.3866666666666,812.39,3.4200000000000004,15.773333333333332,29.666666666666668,1.3633333333333333,5.333333333333333,49.23333333333333,2.5166666666666666,65.55666666666667,27.59,117.33333333333331,1.7833333333333332,51.84666666666666
USA,2007,14.535,0.935,35.19,4.0,411.115,1050.745,5.405,16.215,19.0,2.27,6.0,43.695,2.25,31.95,24.26,137.0,2.935,51.105
USA,2008,14.473333333333334,1.4466666666666663,36.16666666666666,3.5333333333333337,407.0233333333333,1169.2966666666669,1.9933333333333327,16.05,35.0,1.913333333333333,8.666666666666666,40.6,2.25,46.74,18.086666666666662,108.0,1.8566666666666665,42.43
USA,2009,13.67,1.79,41.43,-0.34,387.74,1087.92,3.7,16.48,47.0,4.51,12.0,63.23,1.33,77.79,13.9,193.0,2.24,69.67
USA,2010,14.06,1.16,38.26,-0.77,464.48,1155.8,1.53,17.17,28.0,1.97,4.0,65.64,1.65,80.47,49.57,97.0,2.23,59.49
USA,2011,14.546666666666669,1.33,32.70666666666667,0.4400000000000001,397.5933333333333,1077.1233333333332,3.893333333333333,16.209999999999997,30.33333333333333,1.843333333333333,8.666666666666666,18.94,1.4366666666666668,66.29333333333334,47.75333333333333,133.0,2.5066666666666664,21.58333333333333
USA,2012,14.598,0.912,38.778,5.106,417.204,848.7239999999999,4.0600000000000005,17.663999999999998,25.8,2.422,9.6,28.894,2.778,48.696000000000005,37.738,139.2,2.008,37.108
USA,2013,14.58,0.43,35.99,8.56,414.57,1267.84,3.44,16.84,52.0,1.39,9.0,34.03,0.96,88.12,46.33,90.0,2.44,55.87
USA,2014,14.63,1.22,31.41,2.93,393.33,1268.8000000000002,5.244999999999999,16.48,10.5,3.39,4.0,26.91,0.205,66.735,26.19,109.5,2.62,65.075
USA,2015,14.826,0.8640000000000001,30.216,3.278,403.09,1141.488,3.65,15.945999999999998,25.8,3.628,7.6,52.342000000000006,1.988,40.484,35.362,110.2,2.258,57.608
USA,2016,13.706666666666669,1.21,37.44,4.82,427.16333333333336,892.5466666666666,3.7566666666666655,17.599999999999998,32.0,2.4833333333333334,11.666666666666666,38.26333333333333,1.08,50.72333333333333,34.53,163.66666666666666,2.22,87.89333333333333
USA,2017,14.011111111111113,1.2116666666666667,35.455,5.711666666666667,424.7055555555556,1048.9244444444444,3.732777777777777,17.134999999999998,35.0,2.848888888888889,9.444444444444445,39.56055555555555,1.7816666666666667,47.538888888888884,34.96,144.27777777777777,2.3000000000000003,73.6588888888889
USA,2018,14.315555555555555,1.2133333333333334,33.47,6.603333333333333,422.2477777777778,1205.3022222222223,3.7088888888888887,16.669999999999998,38.0,3.2144444444444447,7.222222222222222,40.85777777777778,2.4833333333333334,44.35444444444445,35.39,124.88888888888889,2.38,59.42444444444445
USA,2019,14.62,1.215,31.485,7.494999999999999,419.79,1361.68,3.685,16.205,41.0,3.58,5.0,42.155,3.185,41.17,35.82,105.5,2.46,45.190000000000005
USA,2020,14.586666666666666,0.8700000000000001,37.77333333333333,4.2,443.3,918.06,2.9066666666666663,16.63,40.66666666666666,2.98,11.333333333333334,33.75,1.2433333333333334,62.68666666666667,28.99,115.33333333333331,2.51,33.46666666666667
USA,2021,14.8075,0.9575,33.3575,3.805,421.52,902.095,3.915,15.695,26.25,2.1,8.75,54.7075,1.5725,44.2825,49.66,145.5,2.4025,44.865
USA,2022,15.29,1.19,32.17,1.68,415.42,1162.01,3.37,17.26,25.0,4.29,6.0,44.34,2.15,77.11,36.65,129.0,2.51,45.59
USA,2023,13.9525,1.555,31.74,4.3375,413.355,903.285,3.8125,17.235,40.5,2.6575,6.0,41.9925,2.4525,46.3725,31.2175,64.0,2.0125,68.8775
USA,2024,14.41,0.7025,34.5825,4.6,396.74,1144.5725,3.9075,16.11,41.5,2.1525,5.25,31.887500000000003,2.3675,67.1625,45.1425,120.0,2.04,65.655
USA,2025,14.29,0.935,41.315,2.705,448.845,912.965,4.03,15.7,38.0,3.06,9.5,43.265,2.125,51.325,53.98,105.0,2.425,18.855
